2026-06-03 12:31:01,257 - Loading photos from system.
2026-06-03 12:31:03,439 - 9501 photos loaded.
2026-06-03 12:31:03,490 - 8084 after filter.
2026-06-03 12:31:25,301 - Failed on None: 'NoneType' object has no attribute 'read'
2026-06-03 12:31:25,914 - Failed on None: 'NoneType' object has no attribute 'read'
2026-06-03 12:31:25,914 - Failed on None: 'NoneType' object has no attribute 'read'
2026-06-03 12:31:25,914 - Failed on None: 'NoneType' object has no attribute 'read'
2026-06-03 12:31:25,914 - Failed on None: 'NoneType' object has no attribute 'read'
2026-06-03 12:31:25,914 - Failed on None: 'NoneType' object has no attribute 'read'
2026-06-03 12:31:25,914 - Failed on None: 'NoneType' object has no attribute 'read'
2026-06-03 12:31:59,633 - Failed on /Users/zachloo/Pictures/Photos Library.photoslibrary/originals/4/4ECA8578-7190-4F1D-8960-25C5F9E83530.heic: cannot identify image file '/Users/zachloo/Pictures/Photos Library.photoslibrary/originals/4/4ECA8578-7190-4F1D-8960-25C5F9E83530.heic'
2026-06-03 12:31:59,633 - Progress: 100 / 8084
2026-06-03 12:32:04,603 - Failed on /Users/zachloo/Pictures/Photos Library.photoslibrary/originals/D/D44FAD04-8D07-49FF-93BA-46206DBD4F4E.heic: cannot identify image file '/Users/zachloo/Pictures/Photos Library.photoslibrary/originals/D/D44FAD04-8D07-49FF-93BA-46206DBD4F4E.heic'
2026-06-03 12:32:04,603 - Failed on /Users/zachloo/Pictures/Photos Library.photoslibrary/originals/4/430A4130-5C2C-417F-BE75-7F0E2439F762.heic: cannot identify image file '/Users/zachloo/Pictures/Photos Library.photoslibrary/originals/4/430A4130-5C2C-417F-BE75-7F0E2439F762.heic'
2026-06-03 12:32:45,734 - Failed on None: 'NoneType' object has no attribute 'read'
2026-06-03 12:32:46,971 - Failed on None: 'NoneType' object has no attribute 'read'
2026-06-03 12:32:46,971 - Failed on None: 'NoneType' object has no attribute 'read'
2026-06-03 12:32:57,813 - Progress: 200 / 8084
2026-06-03 12:33:58,855 - Failed on /Users/zachloo/Pictures/Photos Library.photoslibrary/originals/5/55B74F93-37C0-4AE1-9642-16950876580C.heic: cannot identify image file '/Users/zachloo/Pictures/Photos Library.photoslibrary/originals/5/55B74F93-37C0-4AE1-9642-16950876580C.heic'
2026-06-03 12:33:58,855 - Progress: 300 / 8084
2026-06-03 12:33:58,856 - Failed on /Users/zachloo/Pictures/Photos Library.photoslibrary/originals/A/AC431889-A19F-4C82-AA35-D98A025073CF.heic: cannot identify image file '/Users/zachloo/Pictures/Photos Library.photoslibrary/originals/A/AC431889-A19F-4C82-AA35-D98A025073CF.heic'
2026-06-03 12:34:09,679 - Failed on None: 'NoneType' object has no attribute 'read'
2026-06-03 12:34:09,680 - Failed on None: 'NoneType' object has no attribute 'read'
2026-06-03 12:34:19,690 - Failed on /Users/zachloo/Pictures/Photos Library.photoslibrary/originals/5/5EB2AB3F-2D15-4FAA-A25E-DA9F5C1293D5.heic: cannot identify image file '/Users/zachloo/Pictures/Photos Library.photoslibrary/originals/5/5EB2AB3F-2D15-4FAA-A25E-DA9F5C1293D5.heic'
2026-06-03 12:34:19,690 - Failed on /Users/zachloo/Pictures/Photos Library.photoslibrary/originals/0/0ACEB4FF-EFBB-46FA-8829-18193E64465A.heic: cannot identify image file '/Users/zachloo/Pictures/Photos Library.photoslibrary/originals/0/0ACEB4FF-EFBB-46FA-8829-18193E64465A.heic'
2026-06-03 12:34:58,106 - Progress: 400 / 8084
2026-06-03 12:35:05,857 - Failed on None: 'NoneType' object has no attribute 'read'
2026-06-03 12:35:06,489 - Failed on None: 'NoneType' object has no attribute 'read'
2026-06-03 12:35:06,489 - Failed on None: 'NoneType' object has no attribute 'read'
2026-06-03 12:35:06,489 - Failed on None: 'NoneType' object has no attribute 'read'
2026-06-03 12:35:06,489 - Failed on None: 'NoneType' object has no attribute 'read'
2026-06-03 12:35:10,239 - Failed on None: 'NoneType' object has no attribute 'read'
2026-06-03 12:35:10,239 - Failed on None: 'NoneType' object has no attribute 'read'
2026-06-03 12:35:10,239 - Failed on None: 'NoneType' object has no attribute 'read'
2026-06-03 12:35:12,124 - Failed on None: 'NoneType' object has no attribute 'read'
2026-06-03 12:35:12,124 - Failed on None: 'NoneType' object has no attribute 'read'
2026-06-03 12:35:12,124 - Failed on None: 'NoneType' object has no attribute 'read'
2026-06-03 12:35:12,124 - Failed on None: 'NoneType' object has no attribute 'read'
2026-06-03 12:35:12,124 - Failed on None: 'NoneType' object has no attribute 'read'
2026-06-03 12:35:12,124 - Failed on None: 'NoneType' object has no attribute 'read'
2026-06-03 12:35:12,754 - Failed on None: 'NoneType' object has no attribute 'read'
2026-06-03 12:35:14,633 - Failed on None: 'NoneType' object has no attribute 'read'
2026-06-03 12:35:14,633 - Failed on None: 'NoneType' object has no attribute 'read'
2026-06-03 12:35:14,633 - Failed on None: 'NoneType' object has no attribute 'read'
2026-06-03 12:35:15,889 - Failed on None: 'NoneType' object has no attribute 'read'
2026-06-03 12:35:16,522 - Failed on None: 'NoneType' object has no attribute 'read'
2026-06-03 12:35:18,811 - Failed on None: 'NoneType' object has no attribute 'read'
2026-06-03 12:35:19,455 - Failed on None: 'NoneType' object has no attribute 'read'
2026-06-03 12:35:19,455 - Failed on None: 'NoneType' object has no attribute 'read'
2026-06-03 12:35:20,721 - Failed on None: 'NoneType' object has no attribute 'read'
2026-06-03 12:35:21,956 - Failed on None: 'NoneType' object has no attribute 'read'
2026-06-03 12:35:24,833 - Failed on None: 'NoneType' object has no attribute 'read'
2026-06-03 12:35:25,475 - Failed on None: 'NoneType' object has no attribute 'read'
2026-06-03 12:35:25,475 - Failed on None: 'NoneType' object has no attribute 'read'
2026-06-03 12:35:25,475 - Failed on None: 'NoneType' object has no attribute 'read'
2026-06-03 12:35:25,475 - Failed on None: 'NoneType' object has no attribute 'read'
2026-06-03 12:35:25,475 - Failed on None: 'NoneType' object has no attribute 'read'
2026-06-03 12:35:26,095 - Failed on None: 'NoneType' object has no attribute 'read'
2026-06-03 12:35:26,729 - Failed on None: 'NoneType' object has no attribute 'read'
2026-06-03 12:35:27,358 - Failed on None: 'NoneType' object has no attribute 'read'
2026-06-03 12:35:27,358 - Failed on None: 'NoneType' object has no attribute 'read'
2026-06-03 12:35:27,358 - Failed on None: 'NoneType' object has no attribute 'read'
2026-06-03 12:35:27,358 - Failed on None: 'NoneType' object has no attribute 'read'
2026-06-03 12:35:27,358 - Failed on None: 'NoneType' object has no attribute 'read'
2026-06-03 12:35:27,358 - Failed on None: 'NoneType' object has no attribute 'read'
2026-06-03 12:35:27,358 - Failed on None: 'NoneType' object has no attribute 'read'
2026-06-03 12:35:27,358 - Failed on None: 'NoneType' object has no attribute 'read'
2026-06-03 12:35:27,358 - Failed on None: 'NoneType' object has no attribute 'read'
2026-06-03 12:35:27,358 - Failed on None: 'NoneType' object has no attribute 'read'
2026-06-03 12:35:27,358 - Failed on None: 'NoneType' object has no attribute 'read'
2026-06-03 12:35:27,358 - Failed on None: 'NoneType' object has no attribute 'read'
2026-06-03 12:35:27,358 - Failed on None: 'NoneType' object has no attribute 'read'
2026-06-03 12:35:27,358 - Failed on None: 'NoneType' object has no attribute 'read'
2026-06-03 12:35:27,358 - Failed on None: 'NoneType' object has no attribute 'read'
2026-06-03 12:35:27,358 - Failed on None: 'NoneType' object has no attribute 'read'
2026-06-03 12:35:27,358 - Failed on None: 'NoneType' object has no attribute 'read'
2026-06-03 12:35:27,358 - Failed on None: 'NoneType' object has no attribute 'read'
2026-06-03 12:35:27,358 - Failed on None: 'NoneType' object has no attribute 'read'
2026-06-03 12:35:27,358 - Failed on None: 'NoneType' object has no attribute 'read'
2026-06-03 12:35:27,358 - Progress: 500 / 8084
2026-06-03 12:35:27,358 - Failed on None: 'NoneType' object has no attribute 'read'
2026-06-03 12:35:27,358 - Failed on None: 'NoneType' object has no attribute 'read'
2026-06-03 12:35:27,358 - Failed on None: 'NoneType' object has no attribute 'read'
2026-06-03 12:36:28,979 - Progress: 600 / 8084
2026-06-03 12:37:19,778 - Failed on None: 'NoneType' object has no attribute 'read'
2026-06-03 12:37:31,032 - Progress: 700 / 8084
2026-06-03 12:38:24,438 - Failed on /Users/zachloo/Pictures/Photos Library.photoslibrary/originals/D/D307E59A-29B6-4380-8D66-30C5EFC431ED.heic: cannot identify image file '/Users/zachloo/Pictures/Photos Library.photoslibrary/originals/D/D307E59A-29B6-4380-8D66-30C5EFC431ED.heic'
2026-06-03 12:38:34,877 - Progress: 800 / 8084
2026-06-03 12:38:38,769 - Failed on None: 'NoneType' object has no attribute 'read'
2026-06-03 12:38:47,168 - Failed on None: 'NoneType' object has no attribute 'read'
2026-06-03 12:38:58,815 - Failed on None: 'NoneType' object has no attribute 'read'
2026-06-03 12:38:58,815 - Failed on None: 'NoneType' object has no attribute 'read'
2026-06-03 12:38:58,815 - Failed on None: 'NoneType' object has no attribute 'read'
2026-06-03 12:38:58,815 - Failed on None: 'NoneType' object has no attribute 'read'
2026-06-03 12:38:58,815 - Failed on None: 'NoneType' object has no attribute 'read'
2026-06-03 12:38:58,815 - Failed on None: 'NoneType' object has no attribute 'read'
2026-06-03 12:38:58,815 - Failed on None: 'NoneType' object has no attribute 'read'
2026-06-03 12:38:58,815 - Failed on None: 'NoneType' object has no attribute 'read'
2026-06-03 12:38:58,815 - Failed on None: 'NoneType' object has no attribute 'read'
2026-06-03 12:38:58,816 - Failed on /Users/zachloo/Pictures/Photos Library.photoslibrary/originals/3/3E6DC9BC-49B1-4484-B27F-2BA9BDE0CCAC.heic: cannot identify image file '/Users/zachloo/Pictures/Photos Library.photoslibrary/originals/3/3E6DC9BC-49B1-4484-B27F-2BA9BDE0CCAC.heic'
2026-06-03 12:38:58,816 - Failed on None: 'NoneType' object has no attribute 'read'
2026-06-03 12:38:58,816 - Failed on None: 'NoneType' object has no attribute 'read'
2026-06-03 12:38:58,816 - Failed on /Users/zachloo/Pictures/Photos Library.photoslibrary/originals/8/8EC58112-F5F1-4E84-938A-0BFDF15666FD.heic: cannot identify image file '/Users/zachloo/Pictures/Photos Library.photoslibrary/originals/8/8EC58112-F5F1-4E84-938A-0BFDF15666FD.heic'
2026-06-03 12:38:58,817 - Failed on /Users/zachloo/Pictures/Photos Library.photoslibrary/originals/1/1E79A787-270B-4E4E-8B4B-E5A8788517F2.heic: cannot identify image file '/Users/zachloo/Pictures/Photos Library.photoslibrary/originals/1/1E79A787-270B-4E4E-8B4B-E5A8788517F2.heic'
2026-06-03 12:39:00,758 - Failed on None: 'NoneType' object has no attribute 'read'
2026-06-03 12:39:00,759 - Failed on /Users/zachloo/Pictures/Photos Library.photoslibrary/originals/B/BD4BE780-FC47-4CC0-933A-96FB990CA7EE.heic: cannot identify image file '/Users/zachloo/Pictures/Photos Library.photoslibrary/originals/B/BD4BE780-FC47-4CC0-933A-96FB990CA7EE.heic'
2026-06-03 12:39:00,759 - Failed on None: 'NoneType' object has no attribute 'read'
2026-06-03 12:39:00,759 - Failed on /Users/zachloo/Pictures/Photos Library.photoslibrary/originals/7/7F75F68F-B428-4F51-95EA-8E7B0D4727E4.heic: cannot identify image file '/Users/zachloo/Pictures/Photos Library.photoslibrary/originals/7/7F75F68F-B428-4F51-95EA-8E7B0D4727E4.heic'
2026-06-03 12:39:00,759 - Failed on None: 'NoneType' object has no attribute 'read'
2026-06-03 12:39:00,759 - Failed on None: 'NoneType' object has no attribute 'read'
2026-06-03 12:39:02,706 - Failed on None: 'NoneType' object has no attribute 'read'
2026-06-03 12:39:02,706 - Failed on None: 'NoneType' object has no attribute 'read'
2026-06-03 12:39:02,707 - Failed on None: 'NoneType' object has no attribute 'read'
2026-06-03 12:39:02,707 - Failed on None: 'NoneType' object has no attribute 'read'
2026-06-03 12:39:02,707 - Failed on None: 'NoneType' object has no attribute 'read'
2026-06-03 12:39:02,707 - Failed on None: 'NoneType' object has no attribute 'read'
2026-06-03 12:39:02,707 - Failed on None: 'NoneType' object has no attribute 'read'
2026-06-03 12:39:02,707 - Failed on /Users/zachloo/Pictures/Photos Library.photoslibrary/originals/B/B9C9852D-8707-4E62-A002-6DA4B359326E.heic: cannot identify image file '/Users/zachloo/Pictures/Photos Library.photoslibrary/originals/B/B9C9852D-8707-4E62-A002-6DA4B359326E.heic'
2026-06-03 12:39:02,707 - Failed on None: 'NoneType' object has no attribute 'read'
2026-06-03 12:39:02,707 - Failed on /Users/zachloo/Pictures/Photos Library.photoslibrary/originals/9/9C5BF9FA-E141-4E61-9AE0-31C9AA084A6C.heic: cannot identify image file '/Users/zachloo/Pictures/Photos Library.photoslibrary/originals/9/9C5BF9FA-E141-4E61-9AE0-31C9AA084A6C.heic'
2026-06-03 12:39:02,708 - Failed on None: 'NoneType' object has no attribute 'read'
2026-06-03 12:39:02,708 - Failed on None: 'NoneType' object has no attribute 'read'
2026-06-03 12:39:02,708 - Failed on None: 'NoneType' object has no attribute 'read'
2026-06-03 12:39:02,708 - Failed on None: 'NoneType' object has no attribute 'read'
2026-06-03 12:39:02,708 - Failed on None: 'NoneType' object has no attribute 'read'
2026-06-03 12:39:02,708 - Failed on None: 'NoneType' object has no attribute 'read'
2026-06-03 12:39:02,708 - Failed on None: 'NoneType' object has no attribute 'read'
2026-06-03 12:39:02,708 - Failed on None: 'NoneType' object has no attribute 'read'
2026-06-03 12:39:03,080 - Failed on None: 'NoneType' object has no attribute 'read'
2026-06-03 12:39:03,080 - Failed on None: 'NoneType' object has no attribute 'read'
2026-06-03 12:39:03,080 - Failed on None: 'NoneType' object has no attribute 'read'
2026-06-03 12:39:03,080 - Failed on None: 'NoneType' object has no attribute 'read'
2026-06-03 12:39:03,080 - Failed on None: 'NoneType' object has no attribute 'read'
2026-06-03 12:39:03,080 - Failed on None: 'NoneType' object has no attribute 'read'
2026-06-03 12:39:03,080 - Failed on None: 'NoneType' object has no attribute 'read'
2026-06-03 12:39:03,080 - Failed on None: 'NoneType' object has no attribute 'read'
2026-06-03 12:39:03,080 - Failed on None: 'NoneType' object has no attribute 'read'
2026-06-03 12:39:03,080 - Failed on None: 'NoneType' object has no attribute 'read'
2026-06-03 12:39:03,081 - Failed on /Users/zachloo/Pictures/Photos Library.photoslibrary/originals/F/F27D2729-5F8D-409A-ADB7-EE48AD9D5E4D.heic: cannot identify image file '/Users/zachloo/Pictures/Photos Library.photoslibrary/originals/F/F27D2729-5F8D-409A-ADB7-EE48AD9D5E4D.heic'
2026-06-03 12:39:03,081 - Failed on None: 'NoneType' object has no attribute 'read'
2026-06-03 12:39:03,081 - Failed on None: 'NoneType' object has no attribute 'read'
2026-06-03 12:39:03,081 - Failed on None: 'NoneType' object has no attribute 'read'
2026-06-03 12:39:03,264 - Failed on None: 'NoneType' object has no attribute 'read'
2026-06-03 12:39:03,264 - Progress: 900 / 8084
2026-06-03 12:39:03,264 - Failed on None: 'NoneType' object has no attribute 'read'
2026-06-03 12:39:03,264 - Failed on None: 'NoneType' object has no attribute 'read'
2026-06-03 12:39:03,264 - Failed on None: 'NoneType' object has no attribute 'read'
2026-06-03 12:39:03,264 - Failed on None: 'NoneType' object has no attribute 'read'
2026-06-03 12:39:03,264 - Failed on None: 'NoneType' object has no attribute 'read'
2026-06-03 12:39:03,264 - Failed on None: 'NoneType' object has no attribute 'read'
2026-06-03 12:39:03,264 - Failed on None: 'NoneType' object has no attribute 'read'
2026-06-03 12:39:03,264 - Failed on None: 'NoneType' object has no attribute 'read'
2026-06-03 12:39:03,264 - Failed on None: 'NoneType' object has no attribute 'read'
2026-06-03 12:39:03,264 - Failed on None: 'NoneType' object has no attribute 'read'
2026-06-03 12:39:03,264 - Failed on None: 'NoneType' object has no attribute 'read'
2026-06-03 12:39:03,264 - Failed on None: 'NoneType' object has no attribute 'read'
2026-06-03 12:39:03,264 - Failed on None: 'NoneType' object has no attribute 'read'
2026-06-03 12:39:03,264 - Failed on None: 'NoneType' object has no attribute 'read'
2026-06-03 12:39:03,264 - Failed on None: 'NoneType' object has no attribute 'read'
2026-06-03 12:39:03,264 - Failed on None: 'NoneType' object has no attribute 'read'
2026-06-03 12:39:03,264 - Failed on None: 'NoneType' object has no attribute 'read'
2026-06-03 12:39:03,264 - Failed on None: 'NoneType' object has no attribute 'read'
2026-06-03 12:39:03,264 - Failed on None: 'NoneType' object has no attribute 'read'
2026-06-03 12:39:03,264 - Failed on None: 'NoneType' object has no attribute 'read'
2026-06-03 12:39:03,264 - Failed on None: 'NoneType' object has no attribute 'read'
2026-06-03 12:39:03,264 - Failed on None: 'NoneType' object has no attribute 'read'
2026-06-03 12:39:03,265 - Failed on None: 'NoneType' object has no attribute 'read'
2026-06-03 12:39:03,265 - Failed on None: 'NoneType' object has no attribute 'read'
2026-06-03 12:39:03,265 - Failed on None: 'NoneType' object has no attribute 'read'
2026-06-03 12:39:03,265 - Failed on /Users/zachloo/Pictures/Photos Library.photoslibrary/originals/3/319607DE-584F-43A6-861A-5C0204C4CAFA.heic: cannot identify image file '/Users/zachloo/Pictures/Photos Library.photoslibrary/originals/3/319607DE-584F-43A6-861A-5C0204C4CAFA.heic'
2026-06-03 12:39:03,265 - Failed on None: 'NoneType' object has no attribute 'read'
2026-06-03 12:39:03,265 - Failed on None: 'NoneType' object has no attribute 'read'
2026-06-03 12:39:03,265 - Failed on None: 'NoneType' object has no attribute 'read'
2026-06-03 12:39:03,265 - Failed on None: 'NoneType' object has no attribute 'read'
2026-06-03 12:39:03,265 - Failed on None: 'NoneType' object has no attribute 'read'
2026-06-03 12:39:03,265 - Failed on None: 'NoneType' object has no attribute 'read'
2026-06-03 12:39:03,265 - Failed on /Users/zachloo/Pictures/Photos Library.photoslibrary/originals/7/76FFAADF-5FB0-494E-B6F6-92318A2D6B08.heic: cannot identify image file '/Users/zachloo/Pictures/Photos Library.photoslibrary/originals/7/76FFAADF-5FB0-494E-B6F6-92318A2D6B08.heic'
2026-06-03 12:39:03,265 - Failed on None: 'NoneType' object has no attribute 'read'
2026-06-03 12:39:03,265 - Failed on None: 'NoneType' object has no attribute 'read'
2026-06-03 12:39:03,265 - Failed on None: 'NoneType' object has no attribute 'read'
2026-06-03 12:39:03,265 - Failed on None: 'NoneType' object has no attribute 'read'
2026-06-03 12:39:03,265 - Failed on None: 'NoneType' object has no attribute 'read'
2026-06-03 12:39:03,265 - Failed on None: 'NoneType' object has no attribute 'read'
2026-06-03 12:39:03,265 - Failed on None: 'NoneType' object has no attribute 'read'
2026-06-03 12:39:03,265 - Failed on None: 'NoneType' object has no attribute 'read'
2026-06-03 12:39:03,265 - Failed on None: 'NoneType' object has no attribute 'read'
2026-06-03 12:39:03,265 - Failed on None: 'NoneType' object has no attribute 'read'
2026-06-03 12:39:03,265 - Failed on None: 'NoneType' object has no attribute 'read'
2026-06-03 12:39:03,265 - Failed on None: 'NoneType' object has no attribute 'read'
2026-06-03 12:39:03,265 - Failed on None: 'NoneType' object has no attribute 'read'
2026-06-03 12:39:03,265 - Failed on None: 'NoneType' object has no attribute 'read'
2026-06-03 12:39:03,265 - Failed on None: 'NoneType' object has no attribute 'read'
2026-06-03 12:39:03,266 - Failed on None: 'NoneType' object has no attribute 'read'
2026-06-03 12:39:03,266 - Failed on None: 'NoneType' object has no attribute 'read'
2026-06-03 12:39:03,266 - Failed on None: 'NoneType' object has no attribute 'read'
2026-06-03 12:39:03,266 - Failed on None: 'NoneType' object has no attribute 'read'
2026-06-03 12:39:03,266 - Failed on None: 'NoneType' object has no attribute 'read'
2026-06-03 12:39:03,266 - Failed on /Users/zachloo/Pictures/Photos Library.photoslibrary/originals/0/0C06F0D0-7390-4AE1-BC0C-8048FA67AB2A.heic: cannot identify image file '/Users/zachloo/Pictures/Photos Library.photoslibrary/originals/0/0C06F0D0-7390-4AE1-BC0C-8048FA67AB2A.heic'
2026-06-03 12:39:03,266 - Failed on None: 'NoneType' object has no attribute 'read'
2026-06-03 12:39:03,266 - Failed on None: 'NoneType' object has no attribute 'read'
2026-06-03 12:39:03,266 - Failed on None: 'NoneType' object has no attribute 'read'
2026-06-03 12:39:04,579 - Failed on None: 'NoneType' object has no attribute 'read'
2026-06-03 12:39:04,580 - Failed on /Users/zachloo/Pictures/Photos Library.photoslibrary/originals/4/459C5C38-4FE3-4C75-8B80-B7EFB145D6FC.heic: cannot identify image file '/Users/zachloo/Pictures/Photos Library.photoslibrary/originals/4/459C5C38-4FE3-4C75-8B80-B7EFB145D6FC.heic'
2026-06-03 12:39:04,580 - Failed on None: 'NoneType' object has no attribute 'read'
2026-06-03 12:39:04,580 - Failed on None: 'NoneType' object has no attribute 'read'
2026-06-03 12:39:04,580 - Failed on /Users/zachloo/Pictures/Photos Library.photoslibrary/originals/0/07201C3A-786F-4D70-AE1F-B319D8EF39F9.heic: cannot identify image file '/Users/zachloo/Pictures/Photos Library.photoslibrary/originals/0/07201C3A-786F-4D70-AE1F-B319D8EF39F9.heic'
2026-06-03 12:39:04,580 - Failed on None: 'NoneType' object has no attribute 'read'
2026-06-03 12:39:04,580 - Failed on None: 'NoneType' object has no attribute 'read'
2026-06-03 12:39:04,581 - Failed on None: 'NoneType' object has no attribute 'read'
2026-06-03 12:39:04,581 - Failed on /Users/zachloo/Pictures/Photos Library.photoslibrary/originals/D/D49E95B4-5895-48C3-B747-E73B40E0928E.heic: cannot identify image file '/Users/zachloo/Pictures/Photos Library.photoslibrary/originals/D/D49E95B4-5895-48C3-B747-E73B40E0928E.heic'
2026-06-03 12:39:04,581 - Failed on None: 'NoneType' object has no attribute 'read'
2026-06-03 12:39:04,581 - Failed on None: 'NoneType' object has no attribute 'read'
2026-06-03 12:39:04,581 - Failed on None: 'NoneType' object has no attribute 'read'
2026-06-03 12:39:04,581 - Failed on /Users/zachloo/Pictures/Photos Library.photoslibrary/originals/E/EDCD3F81-176E-461E-8E46-F28B41634C6A.heic: cannot identify image file '/Users/zachloo/Pictures/Photos Library.photoslibrary/originals/E/EDCD3F81-176E-461E-8E46-F28B41634C6A.heic'
2026-06-03 12:39:04,581 - Failed on /Users/zachloo/Pictures/Photos Library.photoslibrary/originals/7/73D7E777-4555-4868-BB09-DC05D56E94EE.heic: cannot identify image file '/Users/zachloo/Pictures/Photos Library.photoslibrary/originals/7/73D7E777-4555-4868-BB09-DC05D56E94EE.heic'
2026-06-03 12:39:06,510 - Failed on None: 'NoneType' object has no attribute 'read'
2026-06-03 12:39:06,884 - Failed on None: 'NoneType' object has no attribute 'read'
2026-06-03 12:39:07,908 - Failed on None: 'NoneType' object has no attribute 'read'
2026-06-03 12:39:07,908 - Failed on None: 'NoneType' object has no attribute 'read'
2026-06-03 12:39:07,908 - Failed on None: 'NoneType' object has no attribute 'read'
2026-06-03 12:39:07,908 - Failed on None: 'NoneType' object has no attribute 'read'
2026-06-03 12:39:07,908 - Failed on None: 'NoneType' object has no attribute 'read'
2026-06-03 12:39:08,291 - Failed on None: 'NoneType' object has no attribute 'read'
2026-06-03 12:39:08,291 - Failed on None: 'NoneType' object has no attribute 'read'
2026-06-03 12:39:08,291 - Failed on None: 'NoneType' object has no attribute 'read'
2026-06-03 12:39:08,291 - Failed on None: 'NoneType' object has no attribute 'read'
2026-06-03 12:39:08,291 - Failed on None: 'NoneType' object has no attribute 'read'
2026-06-03 12:39:08,291 - Failed on None: 'NoneType' object has no attribute 'read'
2026-06-03 12:39:08,670 - Failed on None: 'NoneType' object has no attribute 'read'
2026-06-03 12:39:08,670 - Failed on None: 'NoneType' object has no attribute 'read'
2026-06-03 12:39:08,670 - Failed on None: 'NoneType' object has no attribute 'read'
2026-06-03 12:39:08,670 - Failed on None: 'NoneType' object has no attribute 'read'
2026-06-03 12:39:08,670 - Failed on None: 'NoneType' object has no attribute 'read'
2026-06-03 12:39:08,670 - Failed on None: 'NoneType' object has no attribute 'read'
2026-06-03 12:39:08,670 - Progress: 1000 / 8084
2026-06-03 12:39:09,321 - Failed on None: 'NoneType' object has no attribute 'read'
2026-06-03 12:39:09,321 - Failed on None: 'NoneType' object has no attribute 'read'
2026-06-03 12:39:09,321 - Failed on None: 'NoneType' object has no attribute 'read'
2026-06-03 12:39:09,321 - Failed on None: 'NoneType' object has no attribute 'read'
2026-06-03 12:39:09,321 - Failed on /Users/zachloo/Pictures/Photos Library.photoslibrary/originals/E/E6B69642-210C-4910-8EFE-E09F9EFF7292.heic: cannot identify image file '/Users/zachloo/Pictures/Photos Library.photoslibrary/originals/E/E6B69642-210C-4910-8EFE-E09F9EFF7292.heic'
2026-06-03 12:39:09,321 - Failed on None: 'NoneType' object has no attribute 'read'
2026-06-03 12:39:09,321 - Failed on None: 'NoneType' object has no attribute 'read'
2026-06-03 12:39:09,321 - Failed on None: 'NoneType' object has no attribute 'read'
2026-06-03 12:39:09,321 - Failed on /Users/zachloo/Pictures/Photos Library.photoslibrary/originals/0/0A92E9E5-DBFE-4A53-B24B-11362C4D027D.heic: cannot identify image file '/Users/zachloo/Pictures/Photos Library.photoslibrary/originals/0/0A92E9E5-DBFE-4A53-B24B-11362C4D027D.heic'
2026-06-03 12:39:09,322 - Failed on None: 'NoneType' object has no attribute 'read'
2026-06-03 12:39:09,966 - Failed on None: 'NoneType' object has no attribute 'read'
2026-06-03 12:39:09,966 - Failed on None: 'NoneType' object has no attribute 'read'
2026-06-03 12:39:09,966 - Failed on None: 'NoneType' object has no attribute 'read'
2026-06-03 12:39:09,966 - Failed on None: 'NoneType' object has no attribute 'read'
2026-06-03 12:39:09,966 - Failed on None: 'NoneType' object has no attribute 'read'
2026-06-03 12:39:11,917 - Failed on None: 'NoneType' object has no attribute 'read'
2026-06-03 12:39:11,917 - Failed on None: 'NoneType' object has no attribute 'read'
2026-06-03 12:39:11,917 - Failed on None: 'NoneType' object has no attribute 'read'
2026-06-03 12:39:13,864 - Failed on None: 'NoneType' object has no attribute 'read'
2026-06-03 12:39:13,865 - Failed on None: 'NoneType' object has no attribute 'read'
2026-06-03 12:39:13,865 - Failed on None: 'NoneType' object has no attribute 'read'
2026-06-03 12:39:14,703 - Failed on None: 'NoneType' object has no attribute 'read'
2026-06-03 12:39:16,702 - Failed on None: 'NoneType' object has no attribute 'read'
2026-06-03 12:39:16,702 - Failed on None: 'NoneType' object has no attribute 'read'
2026-06-03 12:39:16,702 - Failed on None: 'NoneType' object has no attribute 'read'
2026-06-03 12:39:16,702 - Failed on None: 'NoneType' object has no attribute 'read'
2026-06-03 12:39:17,954 - Failed on None: 'NoneType' object has no attribute 'read'
2026-06-03 12:39:19,237 - Failed on None: 'NoneType' object has no attribute 'read'
2026-06-03 12:39:19,238 - Failed on None: 'NoneType' object has no attribute 'read'
2026-06-03 12:39:19,238 - Failed on None: 'NoneType' object has no attribute 'read'
2026-06-03 12:39:19,238 - Failed on None: 'NoneType' object has no attribute 'read'
2026-06-03 12:39:19,238 - Failed on None: 'NoneType' object has no attribute 'read'
2026-06-03 12:39:19,238 - Failed on /Users/zachloo/Pictures/Photos Library.photoslibrary/originals/E/EC5011A0-17CB-479D-97C8-A2DFE6BAFC5C.heic: cannot identify image file '/Users/zachloo/Pictures/Photos Library.photoslibrary/originals/E/EC5011A0-17CB-479D-97C8-A2DFE6BAFC5C.heic'
2026-06-03 12:39:19,238 - Failed on None: 'NoneType' object has no attribute 'read'
2026-06-03 12:39:19,765 - Failed on None: 'NoneType' object has no attribute 'read'
2026-06-03 12:39:19,765 - Failed on None: 'NoneType' object has no attribute 'read'
2026-06-03 12:39:19,765 - Failed on None: 'NoneType' object has no attribute 'read'
2026-06-03 12:39:19,765 - Failed on None: 'NoneType' object has no attribute 'read'
2026-06-03 12:39:19,765 - Failed on None: 'NoneType' object has no attribute 'read'
2026-06-03 12:39:19,765 - Failed on None: 'NoneType' object has no attribute 'read'
2026-06-03 12:39:19,765 - Failed on None: 'NoneType' object has no attribute 'read'
2026-06-03 12:39:19,765 - Failed on None: 'NoneType' object has no attribute 'read'
2026-06-03 12:39:19,765 - Failed on None: 'NoneType' object has no attribute 'read'
2026-06-03 12:39:20,270 - Failed on None: 'NoneType' object has no attribute 'read'
2026-06-03 12:39:20,270 - Failed on None: 'NoneType' object has no attribute 'read'
2026-06-03 12:39:20,271 - Failed on None: 'NoneType' object has no attribute 'read'
2026-06-03 12:39:20,271 - Failed on None: 'NoneType' object has no attribute 'read'
2026-06-03 12:39:20,271 - Failed on None: 'NoneType' object has no attribute 'read'
2026-06-03 12:39:20,271 - Failed on None: 'NoneType' object has no attribute 'read'
2026-06-03 12:39:20,271 - Failed on None: 'NoneType' object has no attribute 'read'
2026-06-03 12:39:20,923 - Failed on None: 'NoneType' object has no attribute 'read'
2026-06-03 12:39:20,923 - Failed on None: 'NoneType' object has no attribute 'read'
2026-06-03 12:39:20,923 - Failed on None: 'NoneType' object has no attribute 'read'
2026-06-03 12:39:21,571 - Failed on None: 'NoneType' object has no attribute 'read'
2026-06-03 12:39:21,571 - Failed on None: 'NoneType' object has no attribute 'read'
2026-06-03 12:39:22,220 - Failed on None: 'NoneType' object has no attribute 'read'
2026-06-03 12:39:22,868 - Failed on None: 'NoneType' object has no attribute 'read'
2026-06-03 12:39:22,869 - Failed on None: 'NoneType' object has no attribute 'read'
2026-06-03 12:39:22,869 - Failed on None: 'NoneType' object has no attribute 'read'
2026-06-03 12:39:22,869 - Failed on None: 'NoneType' object has no attribute 'read'
2026-06-03 12:39:22,869 - Failed on None: 'NoneType' object has no attribute 'read'
2026-06-03 12:39:22,869 - Failed on None: 'NoneType' object has no attribute 'read'
2026-06-03 12:39:22,869 - Failed on None: 'NoneType' object has no attribute 'read'
2026-06-03 12:39:22,869 - Failed on None: 'NoneType' object has no attribute 'read'
2026-06-03 12:39:22,869 - Failed on None: 'NoneType' object has no attribute 'read'
2026-06-03 12:39:22,869 - Failed on None: 'NoneType' object has no attribute 'read'
2026-06-03 12:39:22,869 - Failed on None: 'NoneType' object has no attribute 'read'
2026-06-03 12:39:22,869 - Failed on None: 'NoneType' object has no attribute 'read'
2026-06-03 12:39:22,869 - Failed on None: 'NoneType' object has no attribute 'read'
2026-06-03 12:39:22,869 - Failed on None: 'NoneType' object has no attribute 'read'
2026-06-03 12:39:22,869 - Failed on None: 'NoneType' object has no attribute 'read'
2026-06-03 12:39:22,869 - Failed on None: 'NoneType' object has no attribute 'read'
2026-06-03 12:39:22,869 - Failed on None: 'NoneType' object has no attribute 'read'
2026-06-03 12:39:22,869 - Failed on None: 'NoneType' object has no attribute 'read'
2026-06-03 12:39:22,869 - Failed on None: 'NoneType' object has no attribute 'read'
2026-06-03 12:39:22,869 - Failed on None: 'NoneType' object has no attribute 'read'
2026-06-03 12:39:22,869 - Failed on None: 'NoneType' object has no attribute 'read'
2026-06-03 12:39:22,869 - Progress: 1100 / 8084
2026-06-03 12:39:22,869 - Failed on None: 'NoneType' object has no attribute 'read'
2026-06-03 12:39:22,869 - Failed on None: 'NoneType' object has no attribute 'read'
2026-06-03 12:39:22,869 - Failed on None: 'NoneType' object has no attribute 'read'
2026-06-03 12:39:22,869 - Failed on None: 'NoneType' object has no attribute 'read'
2026-06-03 12:39:24,154 - Failed on None: 'NoneType' object has no attribute 'read'
2026-06-03 12:39:24,154 - Failed on None: 'NoneType' object has no attribute 'read'
2026-06-03 12:39:24,154 - Failed on None: 'NoneType' object has no attribute 'read'
2026-06-03 12:39:24,154 - Failed on None: 'NoneType' object has no attribute 'read'
2026-06-03 12:39:24,154 - Failed on None: 'NoneType' object has no attribute 'read'
2026-06-03 12:39:24,154 - Failed on None: 'NoneType' object has no attribute 'read'
2026-06-03 12:39:24,154 - Failed on None: 'NoneType' object has no attribute 'read'
2026-06-03 12:39:24,155 - Failed on None: 'NoneType' object has no attribute 'read'
2026-06-03 12:39:24,155 - Failed on None: 'NoneType' object has no attribute 'read'
2026-06-03 12:39:24,155 - Failed on None: 'NoneType' object has no attribute 'read'
2026-06-03 12:39:24,155 - Failed on None: 'NoneType' object has no attribute 'read'
2026-06-03 12:39:24,155 - Failed on None: 'NoneType' object has no attribute 'read'
2026-06-03 12:39:24,155 - Failed on None: 'NoneType' object has no attribute 'read'
2026-06-03 12:39:24,155 - Failed on None: 'NoneType' object has no attribute 'read'
2026-06-03 12:39:24,155 - Failed on None: 'NoneType' object has no attribute 'read'
2026-06-03 12:39:24,155 - Failed on None: 'NoneType' object has no attribute 'read'
2026-06-03 12:39:24,155 - Failed on None: 'NoneType' object has no attribute 'read'
2026-06-03 12:39:24,155 - Failed on None: 'NoneType' object has no attribute 'read'
2026-06-03 12:39:24,155 - Failed on None: 'NoneType' object has no attribute 'read'
2026-06-03 12:39:24,155 - Failed on None: 'NoneType' object has no attribute 'read'
2026-06-03 12:39:24,155 - Failed on None: 'NoneType' object has no attribute 'read'
2026-06-03 12:39:24,155 - Failed on None: 'NoneType' object has no attribute 'read'
2026-06-03 12:39:24,155 - Failed on None: 'NoneType' object has no attribute 'read'
2026-06-03 12:39:24,155 - Failed on None: 'NoneType' object has no attribute 'read'
2026-06-03 12:39:24,798 - Failed on None: 'NoneType' object has no attribute 'read'
2026-06-03 12:39:24,798 - Failed on None: 'NoneType' object has no attribute 'read'
2026-06-03 12:39:24,798 - Failed on None: 'NoneType' object has no attribute 'read'
2026-06-03 12:39:24,798 - Failed on None: 'NoneType' object has no attribute 'read'
2026-06-03 12:39:24,798 - Failed on None: 'NoneType' object has no attribute 'read'
2026-06-03 12:39:24,798 - Failed on None: 'NoneType' object has no attribute 'read'
2026-06-03 12:39:24,798 - Failed on None: 'NoneType' object has no attribute 'read'
2026-06-03 12:39:24,798 - Failed on None: 'NoneType' object has no attribute 'read'
2026-06-03 12:39:24,798 - Failed on None: 'NoneType' object has no attribute 'read'
2026-06-03 12:39:24,798 - Failed on None: 'NoneType' object has no attribute 'read'
2026-06-03 12:39:24,798 - Failed on None: 'NoneType' object has no attribute 'read'
2026-06-03 12:39:24,798 - Failed on None: 'NoneType' object has no attribute 'read'
2026-06-03 12:39:24,798 - Failed on None: 'NoneType' object has no attribute 'read'
2026-06-03 12:39:24,798 - Failed on None: 'NoneType' object has no attribute 'read'
2026-06-03 12:39:24,798 - Failed on None: 'NoneType' object has no attribute 'read'
2026-06-03 12:39:24,798 - Failed on None: 'NoneType' object has no attribute 'read'
2026-06-03 12:39:25,468 - Failed on None: 'NoneType' object has no attribute 'read'
2026-06-03 12:39:25,468 - Failed on None: 'NoneType' object has no attribute 'read'
2026-06-03 12:39:25,468 - Failed on None: 'NoneType' object has no attribute 'read'
2026-06-03 12:39:25,468 - Failed on None: 'NoneType' object has no attribute 'read'
2026-06-03 12:39:25,468 - Failed on None: 'NoneType' object has no attribute 'read'
2026-06-03 12:39:25,468 - Failed on None: 'NoneType' object has no attribute 'read'
2026-06-03 12:39:25,468 - Failed on None: 'NoneType' object has no attribute 'read'
2026-06-03 12:39:25,468 - Failed on None: 'NoneType' object has no attribute 'read'
2026-06-03 12:39:25,468 - Failed on None: 'NoneType' object has no attribute 'read'
2026-06-03 12:39:25,468 - Failed on None: 'NoneType' object has no attribute 'read'
2026-06-03 12:39:25,468 - Failed on None: 'NoneType' object has no attribute 'read'
2026-06-03 12:39:25,468 - Failed on None: 'NoneType' object has no attribute 'read'
2026-06-03 12:39:25,468 - Failed on None: 'NoneType' object has no attribute 'read'
2026-06-03 12:39:25,468 - Failed on None: 'NoneType' object has no attribute 'read'
2026-06-03 12:39:25,468 - Failed on None: 'NoneType' object has no attribute 'read'
2026-06-03 12:39:25,468 - Failed on None: 'NoneType' object has no attribute 'read'
2026-06-03 12:39:25,468 - Failed on None: 'NoneType' object has no attribute 'read'
2026-06-03 12:39:25,468 - Failed on None: 'NoneType' object has no attribute 'read'
2026-06-03 12:39:25,468 - Failed on None: 'NoneType' object has no attribute 'read'
2026-06-03 12:39:25,468 - Failed on None: 'NoneType' object has no attribute 'read'
2026-06-03 12:39:25,468 - Failed on None: 'NoneType' object has no attribute 'read'
2026-06-03 12:39:25,468 - Failed on None: 'NoneType' object has no attribute 'read'
2026-06-03 12:39:25,468 - Failed on None: 'NoneType' object has no attribute 'read'
2026-06-03 12:39:25,468 - Failed on None: 'NoneType' object has no attribute 'read'
2026-06-03 12:39:25,468 - Failed on None: 'NoneType' object has no attribute 'read'
2026-06-03 12:39:25,468 - Failed on None: 'NoneType' object has no attribute 'read'
2026-06-03 12:39:25,468 - Failed on None: 'NoneType' object has no attribute 'read'
2026-06-03 12:39:25,468 - Failed on None: 'NoneType' object has no attribute 'read'
2026-06-03 12:39:25,468 - Failed on None: 'NoneType' object has no attribute 'read'
2026-06-03 12:39:25,468 - Failed on None: 'NoneType' object has no attribute 'read'
2026-06-03 12:39:25,468 - Failed on None: 'NoneType' object has no attribute 'read'
2026-06-03 12:39:25,468 - Failed on None: 'NoneType' object has no attribute 'read'
2026-06-03 12:39:25,468 - Failed on None: 'NoneType' object has no attribute 'read'
2026-06-03 12:39:25,468 - Failed on None: 'NoneType' object has no attribute 'read'
2026-06-03 12:39:25,468 - Failed on None: 'NoneType' object has no attribute 'read'
2026-06-03 12:39:25,468 - Failed on None: 'NoneType' object has no attribute 'read'
2026-06-03 12:39:25,468 - Failed on None: 'NoneType' object has no attribute 'read'
2026-06-03 12:39:25,468 - Failed on None: 'NoneType' object has no attribute 'read'
2026-06-03 12:39:25,468 - Failed on None: 'NoneType' object has no attribute 'read'
2026-06-03 12:39:26,113 - Failed on /Users/zachloo/Pictures/Photos Library.photoslibrary/originals/3/3ACD53DA-4D4C-452B-9BB7-AE652C41477B.heic: cannot identify image file '/Users/zachloo/Pictures/Photos Library.photoslibrary/originals/3/3ACD53DA-4D4C-452B-9BB7-AE652C41477B.heic'
2026-06-03 12:39:26,113 - Failed on None: 'NoneType' object has no attribute 'read'
2026-06-03 12:39:26,759 - Failed on None: 'NoneType' object has no attribute 'read'
2026-06-03 12:39:26,759 - Failed on None: 'NoneType' object has no attribute 'read'
2026-06-03 12:39:26,759 - Failed on None: 'NoneType' object has no attribute 'read'
2026-06-03 12:39:26,759 - Failed on None: 'NoneType' object has no attribute 'read'
2026-06-03 12:39:26,759 - Failed on None: 'NoneType' object has no attribute 'read'
2026-06-03 12:39:26,759 - Failed on None: 'NoneType' object has no attribute 'read'
2026-06-03 12:39:26,759 - Failed on None: 'NoneType' object has no attribute 'read'
2026-06-03 12:39:26,759 - Failed on None: 'NoneType' object has no attribute 'read'
2026-06-03 12:39:26,939 - Progress: 1200 / 8084
2026-06-03 12:39:26,940 - Failed on None: 'NoneType' object has no attribute 'read'
2026-06-03 12:39:26,940 - Failed on None: 'NoneType' object has no attribute 'read'
2026-06-03 12:39:26,940 - Failed on None: 'NoneType' object has no attribute 'read'
2026-06-03 12:39:26,940 - Failed on None: 'NoneType' object has no attribute 'read'
2026-06-03 12:39:26,940 - Failed on None: 'NoneType' object has no attribute 'read'
2026-06-03 12:39:26,940 - Failed on None: 'NoneType' object has no attribute 'read'
2026-06-03 12:39:26,940 - Failed on None: 'NoneType' object has no attribute 'read'
2026-06-03 12:39:26,940 - Failed on None: 'NoneType' object has no attribute 'read'
2026-06-03 12:39:26,940 - Failed on None: 'NoneType' object has no attribute 'read'
2026-06-03 12:39:26,940 - Failed on None: 'NoneType' object has no attribute 'read'
2026-06-03 12:39:26,940 - Failed on None: 'NoneType' object has no attribute 'read'
2026-06-03 12:39:26,940 - Failed on None: 'NoneType' object has no attribute 'read'
2026-06-03 12:39:26,940 - Failed on None: 'NoneType' object has no attribute 'read'
2026-06-03 12:39:26,940 - Failed on None: 'NoneType' object has no attribute 'read'
2026-06-03 12:39:26,940 - Failed on None: 'NoneType' object has no attribute 'read'
2026-06-03 12:39:26,940 - Failed on None: 'NoneType' object has no attribute 'read'
2026-06-03 12:39:26,940 - Failed on None: 'NoneType' object has no attribute 'read'
2026-06-03 12:39:26,940 - Failed on None: 'NoneType' object has no attribute 'read'
2026-06-03 12:39:26,940 - Failed on None: 'NoneType' object has no attribute 'read'
2026-06-03 12:39:26,940 - Failed on None: 'NoneType' object has no attribute 'read'
2026-06-03 12:39:26,940 - Failed on None: 'NoneType' object has no attribute 'read'
2026-06-03 12:39:26,940 - Failed on None: 'NoneType' object has no attribute 'read'
2026-06-03 12:39:26,940 - Failed on None: 'NoneType' object has no attribute 'read'
2026-06-03 12:39:26,940 - Failed on None: 'NoneType' object has no attribute 'read'
2026-06-03 12:39:26,940 - Failed on None: 'NoneType' object has no attribute 'read'
2026-06-03 12:39:26,940 - Failed on None: 'NoneType' object has no attribute 'read'
2026-06-03 12:39:26,940 - Failed on None: 'NoneType' object has no attribute 'read'
2026-06-03 12:39:26,940 - Failed on None: 'NoneType' object has no attribute 'read'
2026-06-03 12:39:26,940 - Failed on None: 'NoneType' object has no attribute 'read'
2026-06-03 12:39:26,940 - Failed on None: 'NoneType' object has no attribute 'read'
2026-06-03 12:39:26,940 - Failed on None: 'NoneType' object has no attribute 'read'
2026-06-03 12:39:26,940 - Failed on None: 'NoneType' object has no attribute 'read'
2026-06-03 12:39:26,940 - Failed on None: 'NoneType' object has no attribute 'read'
2026-06-03 12:39:26,940 - Failed on None: 'NoneType' object has no attribute 'read'
2026-06-03 12:39:26,940 - Failed on None: 'NoneType' object has no attribute 'read'
2026-06-03 12:39:26,940 - Failed on None: 'NoneType' object has no attribute 'read'
2026-06-03 12:39:26,940 - Failed on None: 'NoneType' object has no attribute 'read'
2026-06-03 12:39:26,940 - Failed on None: 'NoneType' object has no attribute 'read'
2026-06-03 12:39:26,940 - Failed on None: 'NoneType' object has no attribute 'read'
2026-06-03 12:39:27,178 - Failed on None: 'NoneType' object has no attribute 'read'
2026-06-03 12:39:27,178 - Failed on None: 'NoneType' object has no attribute 'read'
2026-06-03 12:39:27,178 - Failed on None: 'NoneType' object has no attribute 'read'
2026-06-03 12:39:27,178 - Failed on None: 'NoneType' object has no attribute 'read'
2026-06-03 12:39:27,178 - Failed on None: 'NoneType' object has no attribute 'read'
2026-06-03 12:39:27,178 - Failed on None: 'NoneType' object has no attribute 'read'
2026-06-03 12:39:27,178 - Failed on None: 'NoneType' object has no attribute 'read'
2026-06-03 12:39:27,178 - Failed on None: 'NoneType' object has no attribute 'read'
2026-06-03 12:39:27,178 - Failed on None: 'NoneType' object has no attribute 'read'
2026-06-03 12:39:27,178 - Failed on None: 'NoneType' object has no attribute 'read'
2026-06-03 12:39:27,179 - Failed on None: 'NoneType' object has no attribute 'read'
2026-06-03 12:39:27,179 - Failed on None: 'NoneType' object has no attribute 'read'
2026-06-03 12:39:27,179 - Failed on None: 'NoneType' object has no attribute 'read'
2026-06-03 12:39:27,179 - Failed on None: 'NoneType' object has no attribute 'read'
2026-06-03 12:39:27,179 - Failed on None: 'NoneType' object has no attribute 'read'
2026-06-03 12:39:27,179 - Failed on None: 'NoneType' object has no attribute 'read'
2026-06-03 12:39:27,179 - Failed on None: 'NoneType' object has no attribute 'read'
2026-06-03 12:39:27,179 - Failed on None: 'NoneType' object has no attribute 'read'
2026-06-03 12:39:27,179 - Failed on None: 'NoneType' object has no attribute 'read'
2026-06-03 12:39:27,179 - Failed on None: 'NoneType' object has no attribute 'read'
2026-06-03 12:39:27,179 - Failed on None: 'NoneType' object has no attribute 'read'
2026-06-03 12:39:27,179 - Failed on None: 'NoneType' object has no attribute 'read'
2026-06-03 12:39:27,179 - Failed on None: 'NoneType' object has no attribute 'read'
2026-06-03 12:39:27,179 - Failed on None: 'NoneType' object has no attribute 'read'
2026-06-03 12:39:27,179 - Failed on None: 'NoneType' object has no attribute 'read'
2026-06-03 12:39:27,179 - Failed on None: 'NoneType' object has no attribute 'read'
2026-06-03 12:39:27,179 - Failed on None: 'NoneType' object has no attribute 'read'
2026-06-03 12:39:27,179 - Failed on None: 'NoneType' object has no attribute 'read'
2026-06-03 12:39:27,179 - Failed on None: 'NoneType' object has no attribute 'read'
2026-06-03 12:39:27,179 - Failed on None: 'NoneType' object has no attribute 'read'
2026-06-03 12:39:29,131 - Failed on None: 'NoneType' object has no attribute 'read'
2026-06-03 12:39:29,131 - Failed on None: 'NoneType' object has no attribute 'read'
2026-06-03 12:39:29,131 - Failed on None: 'NoneType' object has no attribute 'read'
2026-06-03 12:39:29,132 - Failed on None: 'NoneType' object has no attribute 'read'
2026-06-03 12:39:29,132 - Failed on None: 'NoneType' object has no attribute 'read'
2026-06-03 12:39:29,132 - Failed on None: 'NoneType' object has no attribute 'read'
2026-06-03 12:39:29,132 - Failed on None: 'NoneType' object has no attribute 'read'
2026-06-03 12:39:29,132 - Failed on None: 'NoneType' object has no attribute 'read'
2026-06-03 12:39:33,025 - Failed on None: 'NoneType' object has no attribute 'read'
2026-06-03 12:39:33,661 - Failed on None: 'NoneType' object has no attribute 'read'
2026-06-03 12:39:34,957 - Failed on None: 'NoneType' object has no attribute 'read'
2026-06-03 12:39:35,597 - Failed on None: 'NoneType' object has no attribute 'read'
2026-06-03 12:39:36,245 - Failed on None: 'NoneType' object has no attribute 'read'
2026-06-03 12:39:37,538 - Failed on None: 'NoneType' object has no attribute 'read'
2026-06-03 12:39:37,538 - Progress: 1300 / 8084
2026-06-03 12:39:37,538 - Failed on None: 'NoneType' object has no attribute 'read'
2026-06-03 12:39:37,538 - Failed on None: 'NoneType' object has no attribute 'read'
2026-06-03 12:39:37,538 - Failed on None: 'NoneType' object has no attribute 'read'
2026-06-03 12:39:37,538 - Failed on None: 'NoneType' object has no attribute 'read'
2026-06-03 12:39:38,829 - Failed on None: 'NoneType' object has no attribute 'read'
2026-06-03 12:39:38,829 - Failed on None: 'NoneType' object has no attribute 'read'
2026-06-03 12:39:38,829 - Failed on None: 'NoneType' object has no attribute 'read'
2026-06-03 12:39:38,829 - Failed on None: 'NoneType' object has no attribute 'read'
2026-06-03 12:39:39,466 - Failed on None: 'NoneType' object has no attribute 'read'
2026-06-03 12:39:39,466 - Failed on None: 'NoneType' object has no attribute 'read'
2026-06-03 12:39:39,466 - Failed on None: 'NoneType' object has no attribute 'read'
2026-06-03 12:39:39,467 - Failed on None: 'NoneType' object has no attribute 'read'
2026-06-03 12:39:39,467 - Failed on None: 'NoneType' object has no attribute 'read'
2026-06-03 12:39:39,467 - Failed on None: 'NoneType' object has no attribute 'read'
2026-06-03 12:39:39,467 - Failed on None: 'NoneType' object has no attribute 'read'
2026-06-03 12:39:40,778 - Failed on None: 'NoneType' object has no attribute 'read'
2026-06-03 12:39:40,778 - Failed on None: 'NoneType' object has no attribute 'read'
2026-06-03 12:39:40,778 - Failed on None: 'NoneType' object has no attribute 'read'
2026-06-03 12:39:40,778 - Failed on None: 'NoneType' object has no attribute 'read'
2026-06-03 12:39:40,778 - Failed on None: 'NoneType' object has no attribute 'read'
2026-06-03 12:39:40,778 - Failed on None: 'NoneType' object has no attribute 'read'
2026-06-03 12:39:40,778 - Failed on None: 'NoneType' object has no attribute 'read'
2026-06-03 12:39:40,778 - Failed on None: 'NoneType' object has no attribute 'read'
2026-06-03 12:39:40,778 - Failed on None: 'NoneType' object has no attribute 'read'
2026-06-03 12:39:40,778 - Failed on None: 'NoneType' object has no attribute 'read'
2026-06-03 12:39:40,778 - Failed on None: 'NoneType' object has no attribute 'read'
2026-06-03 12:39:40,778 - Failed on None: 'NoneType' object has no attribute 'read'
2026-06-03 12:39:40,778 - Failed on None: 'NoneType' object has no attribute 'read'
2026-06-03 12:39:40,778 - Failed on None: 'NoneType' object has no attribute 'read'
2026-06-03 12:39:40,778 - Failed on None: 'NoneType' object has no attribute 'read'
2026-06-03 12:39:40,778 - Failed on None: 'NoneType' object has no attribute 'read'
2026-06-03 12:39:40,778 - Failed on None: 'NoneType' object has no attribute 'read'
2026-06-03 12:39:40,778 - Failed on None: 'NoneType' object has no attribute 'read'
2026-06-03 12:39:41,423 - Failed on None: 'NoneType' object has no attribute 'read'
2026-06-03 12:39:41,423 - Failed on None: 'NoneType' object has no attribute 'read'
2026-06-03 12:39:41,423 - Failed on None: 'NoneType' object has no attribute 'read'
2026-06-03 12:39:41,423 - Failed on None: 'NoneType' object has no attribute 'read'
2026-06-03 12:39:41,423 - Failed on None: 'NoneType' object has no attribute 'read'
2026-06-03 12:39:41,423 - Failed on None: 'NoneType' object has no attribute 'read'
2026-06-03 12:39:41,423 - Failed on None: 'NoneType' object has no attribute 'read'
2026-06-03 12:39:41,423 - Failed on None: 'NoneType' object has no attribute 'read'
2026-06-03 12:39:41,423 - Failed on None: 'NoneType' object has no attribute 'read'
2026-06-03 12:39:41,423 - Failed on None: 'NoneType' object has no attribute 'read'
2026-06-03 12:39:41,423 - Failed on None: 'NoneType' object has no attribute 'read'
2026-06-03 12:39:41,423 - Failed on None: 'NoneType' object has no attribute 'read'
2026-06-03 12:39:41,423 - Failed on None: 'NoneType' object has no attribute 'read'
2026-06-03 12:39:41,423 - Failed on None: 'NoneType' object has no attribute 'read'
2026-06-03 12:39:41,423 - Failed on None: 'NoneType' object has no attribute 'read'
2026-06-03 12:39:41,423 - Failed on None: 'NoneType' object has no attribute 'read'
2026-06-03 12:39:41,423 - Failed on None: 'NoneType' object has no attribute 'read'
2026-06-03 12:39:41,423 - Failed on None: 'NoneType' object has no attribute 'read'
2026-06-03 12:39:41,423 - Failed on None: 'NoneType' object has no attribute 'read'
2026-06-03 12:39:41,423 - Failed on None: 'NoneType' object has no attribute 'read'
2026-06-03 12:39:41,423 - Failed on None: 'NoneType' object has no attribute 'read'
2026-06-03 12:39:42,065 - Failed on /Users/zachloo/Pictures/Photos Library.photoslibrary/originals/0/08A0E793-D64A-40A9-843C-297603FD703C.heic: cannot identify image file '/Users/zachloo/Pictures/Photos Library.photoslibrary/originals/0/08A0E793-D64A-40A9-843C-297603FD703C.heic'
2026-06-03 12:39:50,765 - Failed on None: 'NoneType' object has no attribute 'read'
2026-06-03 12:39:50,765 - Failed on None: 'NoneType' object has no attribute 'read'
2026-06-03 12:39:50,765 - Failed on None: 'NoneType' object has no attribute 'read'
2026-06-03 12:39:50,766 - Failed on /Users/zachloo/Pictures/Photos Library.photoslibrary/originals/4/491426E0-F15C-4EAD-8AAC-27699569FCC9.heic: cannot identify image file '/Users/zachloo/Pictures/Photos Library.photoslibrary/originals/4/491426E0-F15C-4EAD-8AAC-27699569FCC9.heic'
2026-06-03 12:39:59,141 - Failed on None: 'NoneType' object has no attribute 'read'
2026-06-03 12:40:01,750 - Failed on /Users/zachloo/Pictures/Photos Library.photoslibrary/originals/F/FF760D33-7C77-4899-A7A6-1DD55EC5BE39.heic: cannot identify image file '/Users/zachloo/Pictures/Photos Library.photoslibrary/originals/F/FF760D33-7C77-4899-A7A6-1DD55EC5BE39.heic'
2026-06-03 12:40:02,389 - Progress: 1400 / 8084
2026-06-03 12:40:04,965 - Failed on /Users/zachloo/Pictures/Photos Library.photoslibrary/originals/9/9F9DC409-96A1-4323-8CE9-701311F275A6.heic: cannot identify image file '/Users/zachloo/Pictures/Photos Library.photoslibrary/originals/9/9F9DC409-96A1-4323-8CE9-701311F275A6.heic'
2026-06-03 12:41:04,751 - Progress: 1500 / 8084
2026-06-03 12:42:09,626 - Progress: 1600 / 8084
2026-06-03 12:43:15,584 - Progress: 1700 / 8084
2026-06-03 12:44:22,883 - Progress: 1800 / 8084
2026-06-03 12:45:32,525 - Progress: 1900 / 8084
2026-06-03 12:46:41,736 - Progress: 2000 / 8084
2026-06-03 12:47:50,064 - Progress: 2100 / 8084
2026-06-03 12:48:59,647 - Progress: 2200 / 8084
2026-06-03 12:49:14,919 - Failed on None: 'NoneType' object has no attribute 'read'
2026-06-03 12:49:14,919 - Failed on None: 'NoneType' object has no attribute 'read'
2026-06-03 12:49:14,919 - Failed on None: 'NoneType' object has no attribute 'read'
2026-06-03 12:49:14,919 - Failed on None: 'NoneType' object has no attribute 'read'
2026-06-03 12:49:15,126 - Failed on None: 'NoneType' object has no attribute 'read'
2026-06-03 12:49:15,126 - Failed on None: 'NoneType' object has no attribute 'read'
2026-06-03 12:49:15,753 - Failed on None: 'NoneType' object has no attribute 'read'
2026-06-03 12:49:15,753 - Failed on None: 'NoneType' object has no attribute 'read'
2026-06-03 12:49:15,753 - Failed on None: 'NoneType' object has no attribute 'read'
2026-06-03 12:49:19,177 - Failed on None: 'NoneType' object has no attribute 'read'
2026-06-03 12:49:19,177 - Failed on None: 'NoneType' object has no attribute 'read'
2026-06-03 12:49:19,177 - Failed on None: 'NoneType' object has no attribute 'read'
2026-06-03 12:49:20,079 - Failed on None: 'NoneType' object has no attribute 'read'
2026-06-03 12:49:20,786 - Failed on None: 'NoneType' object has no attribute 'read'
2026-06-03 12:49:21,510 - Failed on None: 'NoneType' object has no attribute 'read'
2026-06-03 12:49:21,510 - Failed on None: 'NoneType' object has no attribute 'read'
2026-06-03 12:49:22,217 - Failed on None: 'NoneType' object has no attribute 'read'
2026-06-03 12:49:22,925 - Failed on None: 'NoneType' object has no attribute 'read'
2026-06-03 12:49:23,623 - Failed on None: 'NoneType' object has no attribute 'read'
2026-06-03 12:49:23,623 - Failed on None: 'NoneType' object has no attribute 'read'
2026-06-03 12:49:24,304 - Failed on None: 'NoneType' object has no attribute 'read'
2026-06-03 12:49:24,979 - Failed on None: 'NoneType' object has no attribute 'read'
2026-06-03 12:49:24,979 - Failed on None: 'NoneType' object has no attribute 'read'
2026-06-03 12:49:25,664 - Failed on None: 'NoneType' object has no attribute 'read'
2026-06-03 12:49:25,664 - Failed on None: 'NoneType' object has no attribute 'read'
2026-06-03 12:49:27,048 - Failed on None: 'NoneType' object has no attribute 'read'
2026-06-03 12:49:27,735 - Failed on None: 'NoneType' object has no attribute 'read'
2026-06-03 12:49:28,417 - Failed on None: 'NoneType' object has no attribute 'read'
2026-06-03 12:49:29,102 - Failed on None: 'NoneType' object has no attribute 'read'
2026-06-03 12:49:29,787 - Failed on None: 'NoneType' object has no attribute 'read'
2026-06-03 12:49:29,787 - Failed on None: 'NoneType' object has no attribute 'read'
2026-06-03 12:49:31,148 - Failed on None: 'NoneType' object has no attribute 'read'
2026-06-03 12:49:31,845 - Failed on None: 'NoneType' object has no attribute 'read'
2026-06-03 12:49:32,536 - Failed on None: 'NoneType' object has no attribute 'read'
2026-06-03 12:49:33,220 - Failed on None: 'NoneType' object has no attribute 'read'
2026-06-03 12:49:33,901 - Failed on None: 'NoneType' object has no attribute 'read'
2026-06-03 12:49:34,584 - Failed on None: 'NoneType' object has no attribute 'read'
2026-06-03 12:49:34,584 - Failed on None: 'NoneType' object has no attribute 'read'
2026-06-03 12:49:35,938 - Failed on None: 'NoneType' object has no attribute 'read'
2026-06-03 12:49:36,625 - Failed on None: 'NoneType' object has no attribute 'read'
2026-06-03 12:49:36,625 - Failed on None: 'NoneType' object has no attribute 'read'
2026-06-03 12:49:38,006 - Failed on None: 'NoneType' object has no attribute 'read'
2026-06-03 12:49:38,006 - Progress: 2300 / 8084
2026-06-03 12:49:38,680 - Failed on None: 'NoneType' object has no attribute 'read'
2026-06-03 12:49:39,349 - Failed on None: 'NoneType' object has no attribute 'read'
2026-06-03 12:49:40,008 - Failed on None: 'NoneType' object has no attribute 'read'
2026-06-03 12:49:40,672 - Failed on None: 'NoneType' object has no attribute 'read'
2026-06-03 12:49:41,335 - Failed on None: 'NoneType' object has no attribute 'read'
2026-06-03 12:49:51,634 - Failed on None: 'NoneType' object has no attribute 'read'
2026-06-03 12:49:51,634 - Failed on None: 'NoneType' object has no attribute 'read'
2026-06-03 12:49:58,468 - Failed on None: 'NoneType' object has no attribute 'read'
2026-06-03 12:49:58,468 - Failed on None: 'NoneType' object has no attribute 'read'
2026-06-03 12:49:59,863 - Failed on None: 'NoneType' object has no attribute 'read'
2026-06-03 12:50:00,560 - Failed on None: 'NoneType' object has no attribute 'read'
2026-06-03 12:50:01,242 - Failed on None: 'NoneType' object has no attribute 'read'
2026-06-03 12:50:01,242 - Failed on None: 'NoneType' object has no attribute 'read'
2026-06-03 12:50:02,633 - Failed on None: 'NoneType' object has no attribute 'read'
2026-06-03 12:50:03,319 - Failed on None: 'NoneType' object has no attribute 'read'
2026-06-03 12:50:04,005 - Failed on None: 'NoneType' object has no attribute 'read'
2026-06-03 12:50:04,005 - Failed on None: 'NoneType' object has no attribute 'read'
2026-06-03 12:50:05,405 - Failed on None: 'NoneType' object has no attribute 'read'
2026-06-03 12:50:06,105 - Failed on None: 'NoneType' object has no attribute 'read'
2026-06-03 12:50:06,789 - Failed on None: 'NoneType' object has no attribute 'read'
2026-06-03 12:50:06,789 - Failed on None: 'NoneType' object has no attribute 'read'
2026-06-03 12:50:08,157 - Failed on None: 'NoneType' object has no attribute 'read'
2026-06-03 12:50:08,157 - Failed on None: 'NoneType' object has no attribute 'read'
2026-06-03 12:50:09,551 - Failed on None: 'NoneType' object has no attribute 'read'
2026-06-03 12:50:10,255 - Failed on None: 'NoneType' object has no attribute 'read'
2026-06-03 12:50:10,256 - Failed on None: 'NoneType' object has no attribute 'read'
2026-06-03 12:50:13,037 - Failed on None: 'NoneType' object has no attribute 'read'
2026-06-03 12:50:13,038 - Failed on None: 'NoneType' object has no attribute 'read'
2026-06-03 12:50:14,412 - Failed on None: 'NoneType' object has no attribute 'read'
2026-06-03 12:50:15,111 - Failed on None: 'NoneType' object has no attribute 'read'
2026-06-03 12:50:15,800 - Failed on None: 'NoneType' object has no attribute 'read'
2026-06-03 12:50:15,800 - Failed on None: 'NoneType' object has no attribute 'read'
2026-06-03 12:50:17,179 - Failed on None: 'NoneType' object has no attribute 'read'
2026-06-03 12:50:17,859 - Failed on None: 'NoneType' object has no attribute 'read'
2026-06-03 12:50:18,542 - Failed on None: 'NoneType' object has no attribute 'read'
2026-06-03 12:50:19,226 - Failed on None: 'NoneType' object has no attribute 'read'
2026-06-03 12:50:19,908 - Failed on None: 'NoneType' object has no attribute 'read'
2026-06-03 12:50:19,908 - Failed on None: 'NoneType' object has no attribute 'read'
2026-06-03 12:50:20,604 - Progress: 2400 / 8084
2026-06-03 12:50:21,304 - Failed on None: 'NoneType' object has no attribute 'read'
2026-06-03 12:50:24,750 - Failed on None: 'NoneType' object has no attribute 'read'
2026-06-03 12:50:25,438 - Failed on None: 'NoneType' object has no attribute 'read'
2026-06-03 12:50:26,113 - Failed on None: 'NoneType' object has no attribute 'read'
2026-06-03 12:50:26,799 - Failed on None: 'NoneType' object has no attribute 'read'
2026-06-03 12:50:27,487 - Failed on None: 'NoneType' object has no attribute 'read'
2026-06-03 12:50:28,180 - Failed on None: 'NoneType' object has no attribute 'read'
2026-06-03 12:50:28,878 - Failed on None: 'NoneType' object has no attribute 'read'
2026-06-03 12:50:29,579 - Failed on None: 'NoneType' object has no attribute 'read'
2026-06-03 12:50:30,276 - Failed on None: 'NoneType' object has no attribute 'read'
2026-06-03 12:50:30,962 - Failed on None: 'NoneType' object has no attribute 'read'
2026-06-03 12:50:31,656 - Failed on None: 'NoneType' object has no attribute 'read'
2026-06-03 12:50:32,353 - Failed on None: 'NoneType' object has no attribute 'read'
2026-06-03 12:50:32,353 - Failed on None: 'NoneType' object has no attribute 'read'
2026-06-03 12:50:33,748 - Failed on None: 'NoneType' object has no attribute 'read'
2026-06-03 12:50:34,439 - Failed on None: 'NoneType' object has no attribute 'read'
2026-06-03 12:50:34,439 - Failed on None: 'NoneType' object has no attribute 'read'
2026-06-03 12:50:35,802 - Failed on None: 'NoneType' object has no attribute 'read'
2026-06-03 12:50:35,802 - Failed on None: 'NoneType' object has no attribute 'read'
2026-06-03 12:50:37,196 - Failed on None: 'NoneType' object has no attribute 'read'
2026-06-03 12:50:37,897 - Failed on None: 'NoneType' object has no attribute 'read'
2026-06-03 12:50:37,897 - Failed on None: 'NoneType' object has no attribute 'read'
2026-06-03 12:50:39,295 - Failed on None: 'NoneType' object has no attribute 'read'
2026-06-03 12:50:39,295 - Failed on None: 'NoneType' object has no attribute 'read'
2026-06-03 12:50:40,660 - Failed on None: 'NoneType' object has no attribute 'read'
2026-06-03 12:50:40,660 - Failed on None: 'NoneType' object has no attribute 'read'
2026-06-03 12:50:42,030 - Failed on None: 'NoneType' object has no attribute 'read'
2026-06-03 12:50:42,030 - Failed on None: 'NoneType' object has no attribute 'read'
2026-06-03 12:50:43,560 - Failed on None: 'NoneType' object has no attribute 'read'
2026-06-03 12:50:44,309 - Failed on None: 'NoneType' object has no attribute 'read'
2026-06-03 12:50:44,309 - Failed on None: 'NoneType' object has no attribute 'read'
2026-06-03 12:50:45,709 - Failed on None: 'NoneType' object has no attribute 'read'
2026-06-03 12:50:46,387 - Failed on None: 'NoneType' object has no attribute 'read'
2026-06-03 12:50:46,387 - Failed on None: 'NoneType' object has no attribute 'read'
2026-06-03 12:50:46,387 - Failed on None: 'NoneType' object has no attribute 'read'
2026-06-03 12:50:46,387 - Failed on None: 'NoneType' object has no attribute 'read'
2026-06-03 12:50:46,387 - Failed on None: 'NoneType' object has no attribute 'read'
2026-06-03 12:50:46,387 - Failed on None: 'NoneType' object has no attribute 'read'
2026-06-03 12:50:46,388 - Failed on None: 'NoneType' object has no attribute 'read'
2026-06-03 12:50:46,388 - Failed on None: 'NoneType' object has no attribute 'read'
2026-06-03 12:50:46,388 - Failed on None: 'NoneType' object has no attribute 'read'
2026-06-03 12:50:46,590 - Failed on None: 'NoneType' object has no attribute 'read'
2026-06-03 12:50:46,790 - Failed on None: 'NoneType' object has no attribute 'read'
2026-06-03 12:50:46,790 - Failed on None: 'NoneType' object has no attribute 'read'
2026-06-03 12:50:46,992 - Failed on None: 'NoneType' object has no attribute 'read'
2026-06-03 12:50:46,992 - Failed on None: 'NoneType' object has no attribute 'read'
2026-06-03 12:50:46,992 - Failed on None: 'NoneType' object has no attribute 'read'
2026-06-03 12:50:49,050 - Failed on None: 'NoneType' object has no attribute 'read'
2026-06-03 12:50:49,725 - Failed on None: 'NoneType' object has no attribute 'read'
2026-06-03 12:50:49,725 - Failed on None: 'NoneType' object has no attribute 'read'
2026-06-03 12:50:51,103 - Failed on None: 'NoneType' object has no attribute 'read'
2026-06-03 12:50:51,799 - Failed on None: 'NoneType' object has no attribute 'read'
2026-06-03 12:50:52,485 - Progress: 2500 / 8084
2026-06-03 12:50:52,485 - Failed on None: 'NoneType' object has no attribute 'read'
2026-06-03 12:50:52,485 - Failed on None: 'NoneType' object has no attribute 'read'
2026-06-03 12:50:53,863 - Failed on None: 'NoneType' object has no attribute 'read'
2026-06-03 12:50:54,563 - Failed on None: 'NoneType' object has no attribute 'read'
2026-06-03 12:50:54,563 - Failed on None: 'NoneType' object has no attribute 'read'
2026-06-03 12:50:55,974 - Failed on None: 'NoneType' object has no attribute 'read'
2026-06-03 12:50:56,667 - Failed on None: 'NoneType' object has no attribute 'read'
2026-06-03 12:50:56,667 - Failed on None: 'NoneType' object has no attribute 'read'
2026-06-03 12:50:58,050 - Failed on None: 'NoneType' object has no attribute 'read'
2026-06-03 12:50:58,729 - Failed on None: 'NoneType' object has no attribute 'read'
2026-06-03 12:50:59,401 - Failed on None: 'NoneType' object has no attribute 'read'
2026-06-03 12:50:59,401 - Failed on None: 'NoneType' object has no attribute 'read'
2026-06-03 12:51:00,782 - Failed on None: 'NoneType' object has no attribute 'read'
2026-06-03 12:51:01,466 - Failed on None: 'NoneType' object has no attribute 'read'
2026-06-03 12:51:01,466 - Failed on None: 'NoneType' object has no attribute 'read'
2026-06-03 12:51:04,205 - Failed on None: 'NoneType' object has no attribute 'read'
2026-06-03 12:51:04,205 - Failed on None: 'NoneType' object has no attribute 'read'
2026-06-03 12:51:05,608 - Failed on None: 'NoneType' object has no attribute 'read'
2026-06-03 12:51:06,320 - Failed on None: 'NoneType' object has no attribute 'read'
2026-06-03 12:51:07,036 - Failed on None: 'NoneType' object has no attribute 'read'
2026-06-03 12:51:07,740 - Failed on None: 'NoneType' object has no attribute 'read'
2026-06-03 12:51:08,440 - Failed on None: 'NoneType' object has no attribute 'read'
2026-06-03 12:51:14,626 - Failed on None: 'NoneType' object has no attribute 'read'
2026-06-03 12:51:15,317 - Failed on None: 'NoneType' object has no attribute 'read'
2026-06-03 12:51:16,008 - Failed on None: 'NoneType' object has no attribute 'read'
2026-06-03 12:51:16,715 - Failed on None: 'NoneType' object has no attribute 'read'
2026-06-03 12:51:17,433 - Failed on None: 'NoneType' object has no attribute 'read'
2026-06-03 12:51:18,150 - Failed on None: 'NoneType' object has no attribute 'read'
2026-06-03 12:51:18,834 - Failed on None: 'NoneType' object has no attribute 'read'
2026-06-03 12:51:19,510 - Failed on None: 'NoneType' object has no attribute 'read'
2026-06-03 12:51:19,510 - Failed on None: 'NoneType' object has no attribute 'read'
2026-06-03 12:51:20,868 - Failed on None: 'NoneType' object has no attribute 'read'
2026-06-03 12:51:21,556 - Failed on None: 'NoneType' object has no attribute 'read'
2026-06-03 12:51:22,256 - Failed on None: 'NoneType' object has no attribute 'read'
2026-06-03 12:51:22,256 - Failed on None: 'NoneType' object has no attribute 'read'
2026-06-03 12:51:23,655 - Failed on None: 'NoneType' object has no attribute 'read'
2026-06-03 12:51:24,338 - Failed on None: 'NoneType' object has no attribute 'read'
2026-06-03 12:51:24,338 - Failed on None: 'NoneType' object has no attribute 'read'
2026-06-03 12:51:25,703 - Failed on None: 'NoneType' object has no attribute 'read'
2026-06-03 12:51:26,386 - Failed on None: 'NoneType' object has no attribute 'read'
2026-06-03 12:51:27,079 - Failed on None: 'NoneType' object has no attribute 'read'
2026-06-03 12:51:27,080 - Failed on None: 'NoneType' object has no attribute 'read'
2026-06-03 12:51:28,478 - Failed on None: 'NoneType' object has no attribute 'read'
2026-06-03 12:51:29,168 - Failed on None: 'NoneType' object has no attribute 'read'
2026-06-03 12:51:29,168 - Failed on None: 'NoneType' object has no attribute 'read'
2026-06-03 12:51:29,848 - Failed on None: 'NoneType' object has no attribute 'read'
2026-06-03 12:51:29,848 - Progress: 2600 / 8084
2026-06-03 12:51:30,044 - Failed on None: 'NoneType' object has no attribute 'read'
2026-06-03 12:51:30,044 - Failed on None: 'NoneType' object has no attribute 'read'
2026-06-03 12:51:30,044 - Failed on None: 'NoneType' object has no attribute 'read'
2026-06-03 12:51:30,044 - Failed on None: 'NoneType' object has no attribute 'read'
2026-06-03 12:51:31,421 - Failed on None: 'NoneType' object has no attribute 'read'
2026-06-03 12:51:32,099 - Failed on None: 'NoneType' object has no attribute 'read'
2026-06-03 12:51:32,790 - Failed on None: 'NoneType' object has no attribute 'read'
2026-06-03 12:51:33,483 - Failed on None: 'NoneType' object has no attribute 'read'
2026-06-03 12:51:36,945 - Failed on None: 'NoneType' object has no attribute 'read'
2026-06-03 12:51:36,945 - Failed on None: 'NoneType' object has no attribute 'read'
2026-06-03 12:51:38,313 - Failed on None: 'NoneType' object has no attribute 'read'
2026-06-03 12:51:39,002 - Failed on None: 'NoneType' object has no attribute 'read'
2026-06-03 12:51:39,002 - Failed on None: 'NoneType' object has no attribute 'read'
2026-06-03 12:51:40,399 - Failed on None: 'NoneType' object has no attribute 'read'
2026-06-03 12:51:41,094 - Failed on None: 'NoneType' object has no attribute 'read'
2026-06-03 12:51:41,095 - Failed on None: 'NoneType' object has no attribute 'read'
2026-06-03 12:51:42,467 - Failed on None: 'NoneType' object has no attribute 'read'
2026-06-03 12:51:42,467 - Failed on None: 'NoneType' object has no attribute 'read'
2026-06-03 12:51:43,866 - Failed on None: 'NoneType' object has no attribute 'read'
2026-06-03 12:51:44,569 - Failed on None: 'NoneType' object has no attribute 'read'
2026-06-03 12:51:44,569 - Failed on None: 'NoneType' object has no attribute 'read'
2026-06-03 12:51:45,944 - Failed on None: 'NoneType' object has no attribute 'read'
2026-06-03 12:51:46,631 - Failed on None: 'NoneType' object has no attribute 'read'
2026-06-03 12:51:46,631 - Failed on None: 'NoneType' object has no attribute 'read'
2026-06-03 12:51:48,020 - Failed on None: 'NoneType' object has no attribute 'read'
2026-06-03 12:51:48,720 - Failed on None: 'NoneType' object has no attribute 'read'
2026-06-03 12:51:49,403 - Failed on None: 'NoneType' object has no attribute 'read'
2026-06-03 12:51:50,089 - Failed on None: 'NoneType' object has no attribute 'read'
2026-06-03 12:51:50,089 - Failed on None: 'NoneType' object has no attribute 'read'
2026-06-03 12:51:51,466 - Failed on None: 'NoneType' object has no attribute 'read'
2026-06-03 12:51:51,467 - Failed on None: 'NoneType' object has no attribute 'read'
2026-06-03 12:51:52,838 - Failed on None: 'NoneType' object has no attribute 'read'
2026-06-03 12:51:53,525 - Failed on None: 'NoneType' object has no attribute 'read'
2026-06-03 12:51:53,525 - Failed on None: 'NoneType' object has no attribute 'read'
2026-06-03 12:51:54,917 - Failed on None: 'NoneType' object has no attribute 'read'
2026-06-03 12:51:54,917 - Failed on None: 'NoneType' object has no attribute 'read'
2026-06-03 12:51:56,301 - Failed on None: 'NoneType' object has no attribute 'read'
2026-06-03 12:51:56,301 - Failed on None: 'NoneType' object has no attribute 'read'
2026-06-03 12:51:57,663 - Failed on None: 'NoneType' object has no attribute 'read'
2026-06-03 12:51:57,664 - Failed on None: 'NoneType' object has no attribute 'read'
2026-06-03 12:51:59,034 - Failed on None: 'NoneType' object has no attribute 'read'
2026-06-03 12:51:59,034 - Failed on None: 'NoneType' object has no attribute 'read'
2026-06-03 12:52:00,419 - Failed on None: 'NoneType' object has no attribute 'read'
2026-06-03 12:52:00,420 - Failed on None: 'NoneType' object has no attribute 'read'
2026-06-03 12:52:01,810 - Failed on None: 'NoneType' object has no attribute 'read'
2026-06-03 12:52:02,497 - Failed on None: 'NoneType' object has no attribute 'read'
2026-06-03 12:52:02,497 - Failed on None: 'NoneType' object has no attribute 'read'
2026-06-03 12:52:03,875 - Failed on None: 'NoneType' object has no attribute 'read'
2026-06-03 12:52:03,875 - Failed on None: 'NoneType' object has no attribute 'read'
2026-06-03 12:52:04,592 - Progress: 2700 / 8084
2026-06-03 12:52:05,298 - Failed on None: 'NoneType' object has no attribute 'read'
2026-06-03 12:52:05,298 - Failed on None: 'NoneType' object has no attribute 'read'
2026-06-03 12:52:06,694 - Failed on None: 'NoneType' object has no attribute 'read'
2026-06-03 12:52:07,392 - Failed on None: 'NoneType' object has no attribute 'read'
2026-06-03 12:52:07,392 - Failed on None: 'NoneType' object has no attribute 'read'
2026-06-03 12:52:08,827 - Failed on None: 'NoneType' object has no attribute 'read'
2026-06-03 12:52:09,539 - Failed on None: 'NoneType' object has no attribute 'read'
2026-06-03 12:52:09,539 - Failed on None: 'NoneType' object has no attribute 'read'
2026-06-03 12:52:10,933 - Failed on None: 'NoneType' object has no attribute 'read'
2026-06-03 12:52:10,933 - Failed on None: 'NoneType' object has no attribute 'read'
2026-06-03 12:52:12,361 - Failed on None: 'NoneType' object has no attribute 'read'
2026-06-03 12:52:13,075 - Failed on None: 'NoneType' object has no attribute 'read'
2026-06-03 12:52:13,075 - Failed on None: 'NoneType' object has no attribute 'read'
2026-06-03 12:52:14,473 - Failed on None: 'NoneType' object has no attribute 'read'
2026-06-03 12:52:14,473 - Failed on None: 'NoneType' object has no attribute 'read'
2026-06-03 12:52:15,867 - Failed on None: 'NoneType' object has no attribute 'read'
2026-06-03 12:52:15,867 - Failed on None: 'NoneType' object has no attribute 'read'
2026-06-03 12:52:17,264 - Failed on None: 'NoneType' object has no attribute 'read'
2026-06-03 12:52:17,956 - Failed on None: 'NoneType' object has no attribute 'read'
2026-06-03 12:52:17,956 - Failed on None: 'NoneType' object has no attribute 'read'
2026-06-03 12:52:28,862 - Failed on None: 'NoneType' object has no attribute 'read'
2026-06-03 12:52:28,862 - Failed on None: 'NoneType' object has no attribute 'read'
2026-06-03 12:52:28,862 - Failed on None: 'NoneType' object has no attribute 'read'
2026-06-03 12:52:28,862 - Failed on None: 'NoneType' object has no attribute 'read'
2026-06-03 12:52:28,862 - Failed on None: 'NoneType' object has no attribute 'read'
2026-06-03 12:52:29,066 - Failed on None: 'NoneType' object has no attribute 'read'
2026-06-03 12:52:29,066 - Failed on None: 'NoneType' object has no attribute 'read'
2026-06-03 12:52:29,066 - Failed on None: 'NoneType' object has no attribute 'read'
2026-06-03 12:52:29,268 - Failed on None: 'NoneType' object has no attribute 'read'
2026-06-03 12:52:29,268 - Failed on None: 'NoneType' object has no attribute 'read'
2026-06-03 12:52:29,954 - Failed on None: 'NoneType' object has no attribute 'read'
2026-06-03 12:52:30,641 - Failed on None: 'NoneType' object has no attribute 'read'
2026-06-03 12:52:31,331 - Failed on None: 'NoneType' object has no attribute 'read'
2026-06-03 12:52:32,030 - Failed on None: 'NoneType' object has no attribute 'read'
2026-06-03 12:52:32,712 - Failed on None: 'NoneType' object has no attribute 'read'
2026-06-03 12:52:33,401 - Failed on None: 'NoneType' object has no attribute 'read'
2026-06-03 12:52:34,078 - Failed on None: 'NoneType' object has no attribute 'read'
2026-06-03 12:52:34,755 - Failed on None: 'NoneType' object has no attribute 'read'
2026-06-03 12:52:35,430 - Failed on None: 'NoneType' object has no attribute 'read'
2026-06-03 12:52:36,116 - Failed on None: 'NoneType' object has no attribute 'read'
2026-06-03 12:52:36,799 - Failed on None: 'NoneType' object has no attribute 'read'
2026-06-03 12:52:37,510 - Failed on None: 'NoneType' object has no attribute 'read'
2026-06-03 12:52:38,197 - Failed on None: 'NoneType' object has no attribute 'read'
2026-06-03 12:52:38,876 - Failed on None: 'NoneType' object has no attribute 'read'
2026-06-03 12:52:39,545 - Failed on None: 'NoneType' object has no attribute 'read'
2026-06-03 12:52:40,228 - Failed on None: 'NoneType' object has no attribute 'read'
2026-06-03 12:52:40,907 - Progress: 2800 / 8084
2026-06-03 12:52:40,907 - Failed on None: 'NoneType' object has no attribute 'read'
2026-06-03 12:52:40,907 - Failed on None: 'NoneType' object has no attribute 'read'
2026-06-03 12:52:48,476 - Failed on None: 'NoneType' object has no attribute 'read'
2026-06-03 12:52:49,155 - Failed on None: 'NoneType' object has no attribute 'read'
2026-06-03 12:52:49,839 - Failed on None: 'NoneType' object has no attribute 'read'
2026-06-03 12:52:50,508 - Failed on None: 'NoneType' object has no attribute 'read'
2026-06-03 12:52:51,201 - Failed on None: 'NoneType' object has no attribute 'read'
2026-06-03 12:52:51,885 - Failed on None: 'NoneType' object has no attribute 'read'
2026-06-03 12:52:51,885 - Failed on None: 'NoneType' object has no attribute 'read'
2026-06-03 12:52:53,257 - Failed on None: 'NoneType' object has no attribute 'read'
2026-06-03 12:52:53,944 - Failed on None: 'NoneType' object has no attribute 'read'
2026-06-03 12:52:53,944 - Failed on None: 'NoneType' object has no attribute 'read'
2026-06-03 12:52:55,310 - Failed on None: 'NoneType' object has no attribute 'read'
2026-06-03 12:52:55,310 - Failed on None: 'NoneType' object has no attribute 'read'
2026-06-03 12:52:56,666 - Failed on None: 'NoneType' object has no attribute 'read'
2026-06-03 12:52:57,344 - Failed on None: 'NoneType' object has no attribute 'read'
2026-06-03 12:52:58,026 - Failed on None: 'NoneType' object has no attribute 'read'
2026-06-03 12:52:58,713 - Failed on None: 'NoneType' object has no attribute 'read'
2026-06-03 12:52:59,399 - Failed on None: 'NoneType' object has no attribute 'read'
2026-06-03 12:53:00,085 - Failed on None: 'NoneType' object has no attribute 'read'
2026-06-03 12:53:00,778 - Failed on None: 'NoneType' object has no attribute 'read'
2026-06-03 12:53:01,459 - Failed on None: 'NoneType' object has no attribute 'read'
2026-06-03 12:53:02,149 - Failed on None: 'NoneType' object has no attribute 'read'
2026-06-03 12:53:02,149 - Failed on None: 'NoneType' object has no attribute 'read'
2026-06-03 12:53:03,509 - Failed on None: 'NoneType' object has no attribute 'read'
2026-06-03 12:53:04,207 - Failed on None: 'NoneType' object has no attribute 'read'
2026-06-03 12:53:04,895 - Failed on None: 'NoneType' object has no attribute 'read'
2026-06-03 12:53:05,577 - Failed on None: 'NoneType' object has no attribute 'read'
2026-06-03 12:53:06,261 - Failed on None: 'NoneType' object has no attribute 'read'
2026-06-03 12:53:06,937 - Failed on None: 'NoneType' object has no attribute 'read'
2026-06-03 12:53:06,937 - Failed on None: 'NoneType' object has no attribute 'read'
2026-06-03 12:53:08,311 - Failed on None: 'NoneType' object has no attribute 'read'
2026-06-03 12:53:09,003 - Failed on None: 'NoneType' object has no attribute 'read'
2026-06-03 12:53:09,003 - Failed on None: 'NoneType' object has no attribute 'read'
2026-06-03 12:53:10,363 - Failed on None: 'NoneType' object has no attribute 'read'
2026-06-03 12:53:11,041 - Failed on None: 'NoneType' object has no attribute 'read'
2026-06-03 12:53:11,041 - Failed on None: 'NoneType' object has no attribute 'read'
2026-06-03 12:53:12,408 - Failed on None: 'NoneType' object has no attribute 'read'
2026-06-03 12:53:13,096 - Failed on None: 'NoneType' object has no attribute 'read'
2026-06-03 12:53:13,096 - Failed on None: 'NoneType' object has no attribute 'read'
2026-06-03 12:53:13,096 - Failed on None: 'NoneType' object has no attribute 'read'
2026-06-03 12:53:13,096 - Failed on None: 'NoneType' object has no attribute 'read'
2026-06-03 12:53:13,096 - Failed on None: 'NoneType' object has no attribute 'read'
2026-06-03 12:53:13,096 - Failed on None: 'NoneType' object has no attribute 'read'
2026-06-03 12:53:13,785 - Failed on None: 'NoneType' object has no attribute 'read'
2026-06-03 12:53:13,785 - Failed on None: 'NoneType' object has no attribute 'read'
2026-06-03 12:53:15,189 - Failed on None: 'NoneType' object has no attribute 'read'
2026-06-03 12:53:15,886 - Failed on None: 'NoneType' object has no attribute 'read'
2026-06-03 12:53:16,584 - Progress: 2900 / 8084
2026-06-03 12:53:16,584 - Failed on None: 'NoneType' object has no attribute 'read'
2026-06-03 12:53:16,584 - Failed on None: 'NoneType' object has no attribute 'read'
2026-06-03 12:53:17,965 - Failed on None: 'NoneType' object has no attribute 'read'
2026-06-03 12:53:18,629 - Failed on None: 'NoneType' object has no attribute 'read'
2026-06-03 12:53:19,305 - Failed on None: 'NoneType' object has no attribute 'read'
2026-06-03 12:53:40,447 - Failed on None: 'NoneType' object has no attribute 'read'
2026-06-03 12:53:52,695 - Failed on /Users/zachloo/Pictures/Photos Library.photoslibrary/originals/0/074A0ECE-D458-422C-AEB9-4731686F1AE1.heic: cannot identify image file '/Users/zachloo/Pictures/Photos Library.photoslibrary/originals/0/074A0ECE-D458-422C-AEB9-4731686F1AE1.heic'
2026-06-03 12:53:52,695 - Failed on /Users/zachloo/Pictures/Photos Library.photoslibrary/originals/5/5D83176F-BA20-49F1-BCD6-5C7658BB1152.heic: cannot identify image file '/Users/zachloo/Pictures/Photos Library.photoslibrary/originals/5/5D83176F-BA20-49F1-BCD6-5C7658BB1152.heic'
2026-06-03 12:54:19,665 - Progress: 3000 / 8084
2026-06-03 12:54:52,415 - Failed on /Users/zachloo/Pictures/Photos Library.photoslibrary/originals/9/92694A17-9400-4BDA-8DC4-0E42DB5B40A3.heic: cannot identify image file '/Users/zachloo/Pictures/Photos Library.photoslibrary/originals/9/92694A17-9400-4BDA-8DC4-0E42DB5B40A3.heic'
2026-06-03 12:55:27,012 - Progress: 3100 / 8084
2026-06-03 12:55:32,718 - Failed on /Users/zachloo/Pictures/Photos Library.photoslibrary/originals/8/8B8BD533-473D-410E-BDB0-7BE3C3BCBF5E.heic: cannot identify image file '/Users/zachloo/Pictures/Photos Library.photoslibrary/originals/8/8B8BD533-473D-410E-BDB0-7BE3C3BCBF5E.heic'
2026-06-03 12:56:16,604 - Failed on /Users/zachloo/Pictures/Photos Library.photoslibrary/originals/C/CB70506F-419E-40C2-9B7A-183710760F24.heic: cannot identify image file '/Users/zachloo/Pictures/Photos Library.photoslibrary/originals/C/CB70506F-419E-40C2-9B7A-183710760F24.heic'
2026-06-03 12:56:16,604 - Failed on /Users/zachloo/Pictures/Photos Library.photoslibrary/originals/0/056A0CFC-7881-45AB-8724-D5EF5E5FF5B6.heic: cannot identify image file '/Users/zachloo/Pictures/Photos Library.photoslibrary/originals/0/056A0CFC-7881-45AB-8724-D5EF5E5FF5B6.heic'
2026-06-03 12:56:33,170 - Progress: 3200 / 8084
2026-06-03 12:57:27,453 - Failed on /Users/zachloo/Pictures/Photos Library.photoslibrary/originals/0/044923A4-828E-4FA3-8296-8BDD1BB36D19.heic: cannot identify image file '/Users/zachloo/Pictures/Photos Library.photoslibrary/originals/0/044923A4-828E-4FA3-8296-8BDD1BB36D19.heic'
2026-06-03 12:57:41,411 - Progress: 3300 / 8084
2026-06-03 12:57:51,100 - Failed on None: 'NoneType' object has no attribute 'read'
2026-06-03 12:58:00,235 - Failed on /Users/zachloo/Pictures/Photos Library.photoslibrary/originals/6/6288A281-708C-4F4A-A589-28DDF7556427.heic: cannot identify image file '/Users/zachloo/Pictures/Photos Library.photoslibrary/originals/6/6288A281-708C-4F4A-A589-28DDF7556427.heic'
2026-06-03 12:58:48,280 - Progress: 3400 / 8084
2026-06-03 12:58:50,372 - Failed on /Users/zachloo/Pictures/Photos Library.photoslibrary/originals/2/2B0ECE0A-F104-4EE1-AD80-F45F940A8BCB.heic: cannot identify image file '/Users/zachloo/Pictures/Photos Library.photoslibrary/originals/2/2B0ECE0A-F104-4EE1-AD80-F45F940A8BCB.heic'
2026-06-03 12:58:50,373 - Failed on /Users/zachloo/Pictures/Photos Library.photoslibrary/originals/A/A364CDBF-6FE5-4714-B6CB-988AAAD79B09.heic: cannot identify image file '/Users/zachloo/Pictures/Photos Library.photoslibrary/originals/A/A364CDBF-6FE5-4714-B6CB-988AAAD79B09.heic'
2026-06-03 12:59:15,967 - Failed on /Users/zachloo/Pictures/Photos Library.photoslibrary/originals/9/9075638E-C740-4DA2-8F53-9A8D040BD147.heic: cannot identify image file '/Users/zachloo/Pictures/Photos Library.photoslibrary/originals/9/9075638E-C740-4DA2-8F53-9A8D040BD147.heic'
2026-06-03 12:59:15,968 - Failed on /Users/zachloo/Pictures/Photos Library.photoslibrary/originals/1/142028D3-EECF-4552-8464-905DE3DB518C.heic: cannot identify image file '/Users/zachloo/Pictures/Photos Library.photoslibrary/originals/1/142028D3-EECF-4552-8464-905DE3DB518C.heic'
2026-06-03 12:59:15,968 - Failed on /Users/zachloo/Pictures/Photos Library.photoslibrary/originals/9/92E626DE-12F4-46D2-9073-3CACCC599DEA.heic: cannot identify image file '/Users/zachloo/Pictures/Photos Library.photoslibrary/originals/9/92E626DE-12F4-46D2-9073-3CACCC599DEA.heic'
2026-06-03 12:59:15,968 - Failed on /Users/zachloo/Pictures/Photos Library.photoslibrary/originals/8/85F795AC-D143-4092-B87C-613D2EF0AA33.heic: cannot identify image file '/Users/zachloo/Pictures/Photos Library.photoslibrary/originals/8/85F795AC-D143-4092-B87C-613D2EF0AA33.heic'
2026-06-03 12:59:41,139 - Failed on None: 'NoneType' object has no attribute 'read'
2026-06-03 12:59:42,503 - Failed on None: 'NoneType' object has no attribute 'read'
2026-06-03 12:59:52,464 - Progress: 3500 / 8084
2026-06-03 13:00:48,516 - Failed on /Users/zachloo/Pictures/Photos Library.photoslibrary/originals/0/060510E1-B5FE-4E34-97BE-985ACE83D18A.heic: cannot identify image file '/Users/zachloo/Pictures/Photos Library.photoslibrary/originals/0/060510E1-B5FE-4E34-97BE-985ACE83D18A.heic'
2026-06-03 13:00:48,517 - Failed on /Users/zachloo/Pictures/Photos Library.photoslibrary/originals/7/7D0D0117-3857-466F-A849-B631F17E2ED3.heic: cannot identify image file '/Users/zachloo/Pictures/Photos Library.photoslibrary/originals/7/7D0D0117-3857-466F-A849-B631F17E2ED3.heic'
2026-06-03 13:00:50,597 - Failed on /Users/zachloo/Pictures/Photos Library.photoslibrary/originals/7/7C5B1898-9346-4D6F-B369-97A070DC4815.heic: cannot identify image file '/Users/zachloo/Pictures/Photos Library.photoslibrary/originals/7/7C5B1898-9346-4D6F-B369-97A070DC4815.heic'
2026-06-03 13:00:50,598 - Failed on /Users/zachloo/Pictures/Photos Library.photoslibrary/originals/A/A15819C5-1820-46B3-8D33-5942F348DF21.heic: cannot identify image file '/Users/zachloo/Pictures/Photos Library.photoslibrary/originals/A/A15819C5-1820-46B3-8D33-5942F348DF21.heic'
2026-06-03 13:00:50,598 - Failed on /Users/zachloo/Pictures/Photos Library.photoslibrary/originals/A/A0DDE409-365B-49FA-9402-88184BF0E471.heic: cannot identify image file '/Users/zachloo/Pictures/Photos Library.photoslibrary/originals/A/A0DDE409-365B-49FA-9402-88184BF0E471.heic'
2026-06-03 13:00:55,488 - Progress: 3600 / 8084
2026-06-03 13:01:10,439 - Failed on /Users/zachloo/Pictures/Photos Library.photoslibrary/originals/5/54AEE0FC-B2E2-4EAA-A339-B5E7C7BB239D.heic: cannot identify image file '/Users/zachloo/Pictures/Photos Library.photoslibrary/originals/5/54AEE0FC-B2E2-4EAA-A339-B5E7C7BB239D.heic'
2026-06-03 13:01:10,440 - Failed on /Users/zachloo/Pictures/Photos Library.photoslibrary/originals/E/E80C0CEB-A40D-4531-ACD4-F0B90254A8CF.heic: cannot identify image file '/Users/zachloo/Pictures/Photos Library.photoslibrary/originals/E/E80C0CEB-A40D-4531-ACD4-F0B90254A8CF.heic'
2026-06-03 13:01:10,440 - Failed on /Users/zachloo/Pictures/Photos Library.photoslibrary/originals/B/B4281AFC-DCF4-422D-BB7F-01A797541627.heic: cannot identify image file '/Users/zachloo/Pictures/Photos Library.photoslibrary/originals/B/B4281AFC-DCF4-422D-BB7F-01A797541627.heic'
2026-06-03 13:01:10,440 - Failed on None: 'NoneType' object has no attribute 'read'
2026-06-03 13:01:10,440 - Failed on None: 'NoneType' object has no attribute 'read'
2026-06-03 13:01:10,440 - Failed on None: 'NoneType' object has no attribute 'read'
2026-06-03 13:01:10,440 - Failed on None: 'NoneType' object has no attribute 'read'
2026-06-03 13:01:39,307 - Failed on None: 'NoneType' object has no attribute 'read'
2026-06-03 13:01:40,020 - Failed on /Users/zachloo/Pictures/Photos Library.photoslibrary/originals/D/D1A67BA9-03EF-482F-BC3F-3BB92FBCD9EF.heic: cannot identify image file '/Users/zachloo/Pictures/Photos Library.photoslibrary/originals/D/D1A67BA9-03EF-482F-BC3F-3BB92FBCD9EF.heic'
2026-06-03 13:01:40,021 - Failed on /Users/zachloo/Pictures/Photos Library.photoslibrary/originals/B/B9D7612B-0CC8-4698-A9F4-411C70D47B45.heic: cannot identify image file '/Users/zachloo/Pictures/Photos Library.photoslibrary/originals/B/B9D7612B-0CC8-4698-A9F4-411C70D47B45.heic'
2026-06-03 13:01:40,021 - Failed on /Users/zachloo/Pictures/Photos Library.photoslibrary/originals/A/A0718071-A676-4A44-BF20-83A93D4650C3.heic: cannot identify image file '/Users/zachloo/Pictures/Photos Library.photoslibrary/originals/A/A0718071-A676-4A44-BF20-83A93D4650C3.heic'
2026-06-03 13:01:40,021 - Failed on /Users/zachloo/Pictures/Photos Library.photoslibrary/originals/B/B5DFF8BD-7E2F-45E8-8BA0-CCDE34AB311D.heic: cannot identify image file '/Users/zachloo/Pictures/Photos Library.photoslibrary/originals/B/B5DFF8BD-7E2F-45E8-8BA0-CCDE34AB311D.heic'
2026-06-03 13:01:40,022 - Failed on /Users/zachloo/Pictures/Photos Library.photoslibrary/originals/7/779619FF-8D7B-4F5B-95A8-8157FE60A5D5.heic: cannot identify image file '/Users/zachloo/Pictures/Photos Library.photoslibrary/originals/7/779619FF-8D7B-4F5B-95A8-8157FE60A5D5.heic'
2026-06-03 13:01:40,022 - Failed on /Users/zachloo/Pictures/Photos Library.photoslibrary/originals/E/EF8BD01B-F83B-4A2C-807A-AC810CC3B4FE.heic: cannot identify image file '/Users/zachloo/Pictures/Photos Library.photoslibrary/originals/E/EF8BD01B-F83B-4A2C-807A-AC810CC3B4FE.heic'
2026-06-03 13:01:40,023 - Failed on /Users/zachloo/Pictures/Photos Library.photoslibrary/originals/D/DD3DDE6E-25EB-40E5-B806-417588A24C39.heic: cannot identify image file '/Users/zachloo/Pictures/Photos Library.photoslibrary/originals/D/DD3DDE6E-25EB-40E5-B806-417588A24C39.heic'
2026-06-03 13:01:41,406 - Failed on /Users/zachloo/Pictures/Photos Library.photoslibrary/originals/5/5179AA64-2FFB-4F67-A9E8-FEC1E364B3EE.heic: cannot identify image file '/Users/zachloo/Pictures/Photos Library.photoslibrary/originals/5/5179AA64-2FFB-4F67-A9E8-FEC1E364B3EE.heic'
2026-06-03 13:01:41,407 - Failed on /Users/zachloo/Pictures/Photos Library.photoslibrary/originals/B/B9E64A0E-FD03-4A09-A114-0DE5C1C08736.heic: cannot identify image file '/Users/zachloo/Pictures/Photos Library.photoslibrary/originals/B/B9E64A0E-FD03-4A09-A114-0DE5C1C08736.heic'
2026-06-03 13:01:47,032 - Progress: 3700 / 8084
2026-06-03 13:01:53,496 - Failed on /Users/zachloo/Pictures/Photos Library.photoslibrary/originals/D/D72A0A96-1802-4872-BFB6-8E0B9DBF9AA8.heic: cannot identify image file '/Users/zachloo/Pictures/Photos Library.photoslibrary/originals/D/D72A0A96-1802-4872-BFB6-8E0B9DBF9AA8.heic'
2026-06-03 13:02:25,634 - Failed on /Users/zachloo/Pictures/Photos Library.photoslibrary/originals/8/86D4687A-17EF-40C5-ABEA-7B792AD5FC49.heic: cannot identify image file '/Users/zachloo/Pictures/Photos Library.photoslibrary/originals/8/86D4687A-17EF-40C5-ABEA-7B792AD5FC49.heic'
2026-06-03 13:02:55,323 - Progress: 3800 / 8084
2026-06-03 13:03:28,393 - Failed on None: 'NoneType' object has no attribute 'read'
2026-06-03 13:03:38,764 - Failed on /Users/zachloo/Pictures/Photos Library.photoslibrary/originals/A/A1242601-1EAA-49D0-BA08-5FBE4A45D143.heic: cannot identify image file '/Users/zachloo/Pictures/Photos Library.photoslibrary/originals/A/A1242601-1EAA-49D0-BA08-5FBE4A45D143.heic'
2026-06-03 13:03:38,765 - Failed on /Users/zachloo/Pictures/Photos Library.photoslibrary/originals/E/EB039333-C315-47B0-B33A-BF5D1A05B5EA.heic: cannot identify image file '/Users/zachloo/Pictures/Photos Library.photoslibrary/originals/E/EB039333-C315-47B0-B33A-BF5D1A05B5EA.heic'
2026-06-03 13:03:59,809 - Progress: 3900 / 8084
2026-06-03 13:04:03,251 - Failed on /Users/zachloo/Pictures/Photos Library.photoslibrary/originals/F/FD5D6FD9-3FDD-41CB-ABC8-7680711CE0C0.heic: cannot identify image file '/Users/zachloo/Pictures/Photos Library.photoslibrary/originals/F/FD5D6FD9-3FDD-41CB-ABC8-7680711CE0C0.heic'
2026-06-03 13:04:18,533 - Failed on /Users/zachloo/Pictures/Photos Library.photoslibrary/originals/4/453A6344-9997-48F2-8BA4-F93367CE65F1.heic: cannot identify image file '/Users/zachloo/Pictures/Photos Library.photoslibrary/originals/4/453A6344-9997-48F2-8BA4-F93367CE65F1.heic'
2026-06-03 13:05:07,195 - Progress: 4000 / 8084
2026-06-03 13:06:16,935 - Progress: 4100 / 8084
2026-06-03 13:06:38,039 - Failed on None: 'NoneType' object has no attribute 'read'
2026-06-03 13:06:40,787 - Failed on None: 'NoneType' object has no attribute 'read'
2026-06-03 13:06:47,680 - Failed on None: 'NoneType' object has no attribute 'read'
2026-06-03 13:07:04,264 - Failed on None: 'NoneType' object has no attribute 'read'
2026-06-03 13:07:04,264 - Failed on None: 'NoneType' object has no attribute 'read'
2026-06-03 13:07:04,264 - Failed on None: 'NoneType' object has no attribute 'read'
2026-06-03 13:07:04,264 - Failed on None: 'NoneType' object has no attribute 'read'
2026-06-03 13:07:04,265 - Failed on None: 'NoneType' object has no attribute 'read'
2026-06-03 13:07:06,328 - Failed on None: 'NoneType' object has no attribute 'read'
2026-06-03 13:07:06,328 - Failed on None: 'NoneType' object has no attribute 'read'
2026-06-03 13:07:06,328 - Failed on None: 'NoneType' object has no attribute 'read'
2026-06-03 13:07:06,328 - Failed on None: 'NoneType' object has no attribute 'read'
2026-06-03 13:07:06,328 - Failed on None: 'NoneType' object has no attribute 'read'
2026-06-03 13:07:13,281 - Failed on None: 'NoneType' object has no attribute 'read'
2026-06-03 13:07:13,980 - Progress: 4200 / 8084
2026-06-03 13:07:17,667 - Failed on None: 'NoneType' object has no attribute 'read'
2026-06-03 13:07:36,760 - Failed on None: 'NoneType' object has no attribute 'read'
2026-06-03 13:08:07,890 - Failed on None: 'NoneType' object has no attribute 'read'
2026-06-03 13:08:08,604 - Progress: 4300 / 8084
2026-06-03 13:08:25,394 - Failed on /Users/zachloo/Pictures/Photos Library.photoslibrary/originals/F/FB0F0E76-3BFC-4387-89FC-EF941EBF82BE.heic: cannot identify image file '/Users/zachloo/Pictures/Photos Library.photoslibrary/originals/F/FB0F0E76-3BFC-4387-89FC-EF941EBF82BE.heic'
2026-06-03 13:08:26,943 - Failed on None: 'NoneType' object has no attribute 'read'
2026-06-03 13:08:26,943 - Failed on None: 'NoneType' object has no attribute 'read'
2026-06-03 13:08:26,943 - Failed on None: 'NoneType' object has no attribute 'read'
2026-06-03 13:08:26,943 - Failed on None: 'NoneType' object has no attribute 'read'
2026-06-03 13:08:26,943 - Failed on None: 'NoneType' object has no attribute 'read'
2026-06-03 13:08:26,943 - Failed on None: 'NoneType' object has no attribute 'read'
2026-06-03 13:08:28,401 - Failed on None: 'NoneType' object has no attribute 'read'
2026-06-03 13:08:29,253 - Failed on None: 'NoneType' object has no attribute 'read'
2026-06-03 13:08:29,253 - Failed on None: 'NoneType' object has no attribute 'read'
2026-06-03 13:08:29,253 - Failed on None: 'NoneType' object has no attribute 'read'
2026-06-03 13:08:29,253 - Failed on None: 'NoneType' object has no attribute 'read'
2026-06-03 13:08:29,253 - Failed on None: 'NoneType' object has no attribute 'read'
2026-06-03 13:08:29,253 - Failed on None: 'NoneType' object has no attribute 'read'
2026-06-03 13:08:29,253 - Failed on None: 'NoneType' object has no attribute 'read'
2026-06-03 13:08:29,253 - Failed on None: 'NoneType' object has no attribute 'read'
2026-06-03 13:08:29,253 - Failed on None: 'NoneType' object has no attribute 'read'
2026-06-03 13:08:30,140 - Failed on None: 'NoneType' object has no attribute 'read'
2026-06-03 13:08:30,140 - Failed on None: 'NoneType' object has no attribute 'read'
2026-06-03 13:08:30,140 - Failed on None: 'NoneType' object has no attribute 'read'
2026-06-03 13:08:30,140 - Failed on None: 'NoneType' object has no attribute 'read'
2026-06-03 13:08:30,140 - Failed on None: 'NoneType' object has no attribute 'read'
2026-06-03 13:08:30,140 - Failed on None: 'NoneType' object has no attribute 'read'
2026-06-03 13:08:30,140 - Failed on None: 'NoneType' object has no attribute 'read'
2026-06-03 13:08:30,140 - Failed on None: 'NoneType' object has no attribute 'read'
2026-06-03 13:08:30,140 - Failed on None: 'NoneType' object has no attribute 'read'
2026-06-03 13:08:30,140 - Failed on None: 'NoneType' object has no attribute 'read'
2026-06-03 13:08:30,140 - Failed on None: 'NoneType' object has no attribute 'read'
2026-06-03 13:08:30,140 - Failed on None: 'NoneType' object has no attribute 'read'
2026-06-03 13:08:30,140 - Failed on None: 'NoneType' object has no attribute 'read'
2026-06-03 13:08:30,140 - Failed on None: 'NoneType' object has no attribute 'read'
2026-06-03 13:08:30,140 - Failed on None: 'NoneType' object has no attribute 'read'
2026-06-03 13:08:31,245 - Failed on None: 'NoneType' object has no attribute 'read'
2026-06-03 13:08:31,245 - Failed on None: 'NoneType' object has no attribute 'read'
2026-06-03 13:08:31,245 - Failed on None: 'NoneType' object has no attribute 'read'
2026-06-03 13:08:31,245 - Failed on None: 'NoneType' object has no attribute 'read'
2026-06-03 13:08:31,245 - Failed on None: 'NoneType' object has no attribute 'read'
2026-06-03 13:08:31,245 - Failed on None: 'NoneType' object has no attribute 'read'
2026-06-03 13:08:31,245 - Failed on None: 'NoneType' object has no attribute 'read'
2026-06-03 13:08:32,867 - Failed on None: 'NoneType' object has no attribute 'read'
2026-06-03 13:08:32,867 - Failed on None: 'NoneType' object has no attribute 'read'
2026-06-03 13:08:32,867 - Failed on None: 'NoneType' object has no attribute 'read'
2026-06-03 13:08:33,978 - Progress: 4400 / 8084
2026-06-03 13:08:33,979 - Failed on None: 'NoneType' object has no attribute 'read'
2026-06-03 13:08:33,979 - Failed on None: 'NoneType' object has no attribute 'read'
2026-06-03 13:08:33,979 - Failed on None: 'NoneType' object has no attribute 'read'
2026-06-03 13:08:33,979 - Failed on None: 'NoneType' object has no attribute 'read'
2026-06-03 13:08:33,979 - Failed on None: 'NoneType' object has no attribute 'read'
2026-06-03 13:08:33,979 - Failed on None: 'NoneType' object has no attribute 'read'
2026-06-03 13:08:33,979 - Failed on None: 'NoneType' object has no attribute 'read'
2026-06-03 13:08:34,418 - Failed on None: 'NoneType' object has no attribute 'read'
2026-06-03 13:08:34,418 - Failed on None: 'NoneType' object has no attribute 'read'
2026-06-03 13:08:34,418 - Failed on None: 'NoneType' object has no attribute 'read'
2026-06-03 13:08:34,633 - Failed on None: 'NoneType' object has no attribute 'read'
2026-06-03 13:08:34,633 - Failed on None: 'NoneType' object has no attribute 'read'
2026-06-03 13:08:35,073 - Failed on None: 'NoneType' object has no attribute 'read'
2026-06-03 13:08:35,073 - Failed on None: 'NoneType' object has no attribute 'read'
2026-06-03 13:08:35,073 - Failed on None: 'NoneType' object has no attribute 'read'
2026-06-03 13:08:35,073 - Failed on None: 'NoneType' object has no attribute 'read'
2026-06-03 13:08:35,073 - Failed on None: 'NoneType' object has no attribute 'read'
2026-06-03 13:08:35,073 - Failed on None: 'NoneType' object has no attribute 'read'
2026-06-03 13:08:35,073 - Failed on None: 'NoneType' object has no attribute 'read'
2026-06-03 13:08:35,074 - Failed on None: 'NoneType' object has no attribute 'read'
2026-06-03 13:08:35,074 - Failed on None: 'NoneType' object has no attribute 'read'
2026-06-03 13:08:35,074 - Failed on None: 'NoneType' object has no attribute 'read'
2026-06-03 13:08:35,074 - Failed on None: 'NoneType' object has no attribute 'read'
2026-06-03 13:08:35,074 - Failed on None: 'NoneType' object has no attribute 'read'
2026-06-03 13:08:35,074 - Failed on None: 'NoneType' object has no attribute 'read'
2026-06-03 13:08:35,074 - Failed on None: 'NoneType' object has no attribute 'read'
2026-06-03 13:08:35,074 - Failed on None: 'NoneType' object has no attribute 'read'
2026-06-03 13:08:35,074 - Failed on None: 'NoneType' object has no attribute 'read'
2026-06-03 13:08:35,074 - Failed on None: 'NoneType' object has no attribute 'read'
2026-06-03 13:08:35,074 - Failed on None: 'NoneType' object has no attribute 'read'
2026-06-03 13:08:35,074 - Failed on None: 'NoneType' object has no attribute 'read'
2026-06-03 13:08:35,074 - Failed on None: 'NoneType' object has no attribute 'read'
2026-06-03 13:08:35,074 - Failed on None: 'NoneType' object has no attribute 'read'
2026-06-03 13:08:35,074 - Failed on None: 'NoneType' object has no attribute 'read'
2026-06-03 13:08:35,074 - Failed on None: 'NoneType' object has no attribute 'read'
2026-06-03 13:08:35,074 - Failed on None: 'NoneType' object has no attribute 'read'
2026-06-03 13:08:35,074 - Failed on None: 'NoneType' object has no attribute 'read'
2026-06-03 13:08:35,074 - Failed on None: 'NoneType' object has no attribute 'read'
2026-06-03 13:08:35,074 - Failed on None: 'NoneType' object has no attribute 'read'
2026-06-03 13:08:35,074 - Failed on None: 'NoneType' object has no attribute 'read'
2026-06-03 13:08:35,074 - Failed on None: 'NoneType' object has no attribute 'read'
2026-06-03 13:08:35,074 - Failed on None: 'NoneType' object has no attribute 'read'
2026-06-03 13:08:35,509 - Failed on None: 'NoneType' object has no attribute 'read'
2026-06-03 13:08:35,509 - Failed on None: 'NoneType' object has no attribute 'read'
2026-06-03 13:08:35,509 - Failed on None: 'NoneType' object has no attribute 'read'
2026-06-03 13:08:35,509 - Failed on None: 'NoneType' object has no attribute 'read'
2026-06-03 13:08:35,509 - Failed on None: 'NoneType' object has no attribute 'read'
2026-06-03 13:08:35,509 - Failed on None: 'NoneType' object has no attribute 'read'
2026-06-03 13:08:35,509 - Failed on None: 'NoneType' object has no attribute 'read'
2026-06-03 13:08:35,509 - Failed on None: 'NoneType' object has no attribute 'read'
2026-06-03 13:08:36,159 - Failed on None: 'NoneType' object has no attribute 'read'
2026-06-03 13:08:36,159 - Failed on None: 'NoneType' object has no attribute 'read'
2026-06-03 13:08:36,159 - Failed on None: 'NoneType' object has no attribute 'read'
2026-06-03 13:08:36,159 - Failed on None: 'NoneType' object has no attribute 'read'
2026-06-03 13:08:36,159 - Failed on None: 'NoneType' object has no attribute 'read'
2026-06-03 13:08:36,159 - Failed on None: 'NoneType' object has no attribute 'read'
2026-06-03 13:08:37,027 - Failed on None: 'NoneType' object has no attribute 'read'
2026-06-03 13:08:37,027 - Failed on None: 'NoneType' object has no attribute 'read'
2026-06-03 13:08:37,027 - Failed on None: 'NoneType' object has no attribute 'read'
2026-06-03 13:08:37,027 - Failed on None: 'NoneType' object has no attribute 'read'
2026-06-03 13:08:37,027 - Failed on None: 'NoneType' object has no attribute 'read'
2026-06-03 13:08:37,027 - Failed on None: 'NoneType' object has no attribute 'read'
2026-06-03 13:08:37,027 - Failed on None: 'NoneType' object has no attribute 'read'
2026-06-03 13:08:37,027 - Failed on None: 'NoneType' object has no attribute 'read'
2026-06-03 13:08:37,465 - Failed on None: 'NoneType' object has no attribute 'read'
2026-06-03 13:08:37,465 - Failed on None: 'NoneType' object has no attribute 'read'
2026-06-03 13:08:37,465 - Failed on None: 'NoneType' object has no attribute 'read'
2026-06-03 13:08:37,917 - Failed on None: 'NoneType' object has no attribute 'read'
2026-06-03 13:08:37,917 - Failed on None: 'NoneType' object has no attribute 'read'
2026-06-03 13:08:37,917 - Failed on None: 'NoneType' object has no attribute 'read'
2026-06-03 13:08:37,917 - Failed on None: 'NoneType' object has no attribute 'read'
2026-06-03 13:08:37,917 - Failed on None: 'NoneType' object has no attribute 'read'
2026-06-03 13:08:37,917 - Failed on None: 'NoneType' object has no attribute 'read'
2026-06-03 13:08:37,917 - Failed on None: 'NoneType' object has no attribute 'read'
2026-06-03 13:08:37,917 - Failed on None: 'NoneType' object has no attribute 'read'
2026-06-03 13:08:37,917 - Failed on None: 'NoneType' object has no attribute 'read'
2026-06-03 13:08:37,917 - Failed on None: 'NoneType' object has no attribute 'read'
2026-06-03 13:08:37,917 - Failed on None: 'NoneType' object has no attribute 'read'
2026-06-03 13:08:38,138 - Failed on None: 'NoneType' object has no attribute 'read'
2026-06-03 13:08:38,138 - Failed on None: 'NoneType' object has no attribute 'read'
2026-06-03 13:08:38,365 - Progress: 4500 / 8084
2026-06-03 13:08:38,589 - Failed on None: 'NoneType' object has no attribute 'read'
2026-06-03 13:08:38,589 - Failed on None: 'NoneType' object has no attribute 'read'
2026-06-03 13:08:38,810 - Failed on None: 'NoneType' object has no attribute 'read'
2026-06-03 13:08:38,810 - Failed on None: 'NoneType' object has no attribute 'read'
2026-06-03 13:08:39,028 - Failed on None: 'NoneType' object has no attribute 'read'
2026-06-03 13:08:39,028 - Failed on None: 'NoneType' object has no attribute 'read'
2026-06-03 13:08:39,028 - Failed on None: 'NoneType' object has no attribute 'read'
2026-06-03 13:08:39,028 - Failed on None: 'NoneType' object has no attribute 'read'
2026-06-03 13:08:41,507 - Failed on None: 'NoneType' object has no attribute 'read'
2026-06-03 13:08:41,507 - Failed on None: 'NoneType' object has no attribute 'read'
2026-06-03 13:08:41,507 - Failed on None: 'NoneType' object has no attribute 'read'
2026-06-03 13:08:41,507 - Failed on None: 'NoneType' object has no attribute 'read'
2026-06-03 13:08:41,507 - Failed on None: 'NoneType' object has no attribute 'read'
2026-06-03 13:08:41,507 - Failed on None: 'NoneType' object has no attribute 'read'
2026-06-03 13:08:41,507 - Failed on None: 'NoneType' object has no attribute 'read'
2026-06-03 13:08:41,508 - Failed on None: 'NoneType' object has no attribute 'read'
2026-06-03 13:08:41,508 - Failed on None: 'NoneType' object has no attribute 'read'
2026-06-03 13:08:41,508 - Failed on None: 'NoneType' object has no attribute 'read'
2026-06-03 13:08:41,508 - Failed on None: 'NoneType' object has no attribute 'read'
2026-06-03 13:08:41,508 - Failed on None: 'NoneType' object has no attribute 'read'
2026-06-03 13:08:41,508 - Failed on None: 'NoneType' object has no attribute 'read'
2026-06-03 13:08:41,508 - Failed on None: 'NoneType' object has no attribute 'read'
2026-06-03 13:08:41,508 - Failed on None: 'NoneType' object has no attribute 'read'
2026-06-03 13:08:41,508 - Failed on None: 'NoneType' object has no attribute 'read'
2026-06-03 13:08:41,508 - Failed on None: 'NoneType' object has no attribute 'read'
2026-06-03 13:08:41,508 - Failed on None: 'NoneType' object has no attribute 'read'
2026-06-03 13:08:41,508 - Failed on None: 'NoneType' object has no attribute 'read'
2026-06-03 13:08:41,508 - Failed on None: 'NoneType' object has no attribute 'read'
2026-06-03 13:08:41,508 - Failed on None: 'NoneType' object has no attribute 'read'
2026-06-03 13:08:41,508 - Failed on None: 'NoneType' object has no attribute 'read'
2026-06-03 13:08:41,508 - Failed on None: 'NoneType' object has no attribute 'read'
2026-06-03 13:08:41,508 - Failed on None: 'NoneType' object has no attribute 'read'
2026-06-03 13:08:41,508 - Failed on None: 'NoneType' object has no attribute 'read'
2026-06-03 13:08:41,508 - Failed on None: 'NoneType' object has no attribute 'read'
2026-06-03 13:08:41,508 - Failed on None: 'NoneType' object has no attribute 'read'
2026-06-03 13:08:42,911 - Failed on None: 'NoneType' object has no attribute 'read'
2026-06-03 13:08:42,911 - Failed on None: 'NoneType' object has no attribute 'read'
2026-06-03 13:08:42,911 - Failed on None: 'NoneType' object has no attribute 'read'
2026-06-03 13:08:43,152 - Failed on None: 'NoneType' object has no attribute 'read'
2026-06-03 13:08:43,152 - Failed on None: 'NoneType' object has no attribute 'read'
2026-06-03 13:08:45,413 - Failed on None: 'NoneType' object has no attribute 'read'
2026-06-03 13:08:45,414 - Failed on None: 'NoneType' object has no attribute 'read'
2026-06-03 13:08:45,414 - Failed on None: 'NoneType' object has no attribute 'read'
2026-06-03 13:08:45,414 - Failed on None: 'NoneType' object has no attribute 'read'
2026-06-03 13:08:45,414 - Failed on None: 'NoneType' object has no attribute 'read'
2026-06-03 13:08:45,414 - Failed on None: 'NoneType' object has no attribute 'read'
2026-06-03 13:08:45,414 - Failed on None: 'NoneType' object has no attribute 'read'
2026-06-03 13:08:45,414 - Failed on None: 'NoneType' object has no attribute 'read'
2026-06-03 13:08:45,414 - Failed on None: 'NoneType' object has no attribute 'read'
2026-06-03 13:08:45,414 - Failed on None: 'NoneType' object has no attribute 'read'
2026-06-03 13:08:45,414 - Failed on None: 'NoneType' object has no attribute 'read'
2026-06-03 13:08:45,414 - Failed on None: 'NoneType' object has no attribute 'read'
2026-06-03 13:08:45,414 - Failed on None: 'NoneType' object has no attribute 'read'
2026-06-03 13:08:45,414 - Failed on None: 'NoneType' object has no attribute 'read'
2026-06-03 13:08:45,414 - Failed on None: 'NoneType' object has no attribute 'read'
2026-06-03 13:08:45,414 - Failed on None: 'NoneType' object has no attribute 'read'
2026-06-03 13:08:45,414 - Failed on None: 'NoneType' object has no attribute 'read'
2026-06-03 13:08:45,414 - Failed on None: 'NoneType' object has no attribute 'read'
2026-06-03 13:08:45,414 - Failed on None: 'NoneType' object has no attribute 'read'
2026-06-03 13:08:46,179 - Failed on None: 'NoneType' object has no attribute 'read'
2026-06-03 13:08:46,179 - Failed on None: 'NoneType' object has no attribute 'read'
2026-06-03 13:08:46,179 - Failed on None: 'NoneType' object has no attribute 'read'
2026-06-03 13:08:46,179 - Failed on None: 'NoneType' object has no attribute 'read'
2026-06-03 13:08:46,179 - Failed on None: 'NoneType' object has no attribute 'read'
2026-06-03 13:08:46,179 - Failed on None: 'NoneType' object has no attribute 'read'
2026-06-03 13:08:46,179 - Failed on None: 'NoneType' object has no attribute 'read'
2026-06-03 13:08:46,179 - Failed on None: 'NoneType' object has no attribute 'read'
2026-06-03 13:08:46,179 - Failed on None: 'NoneType' object has no attribute 'read'
2026-06-03 13:08:46,179 - Progress: 4600 / 8084
2026-06-03 13:08:47,630 - Failed on None: 'NoneType' object has no attribute 'read'
2026-06-03 13:08:47,631 - Failed on None: 'NoneType' object has no attribute 'read'
2026-06-03 13:08:47,631 - Failed on None: 'NoneType' object has no attribute 'read'
2026-06-03 13:08:47,631 - Failed on None: 'NoneType' object has no attribute 'read'
2026-06-03 13:08:47,631 - Failed on None: 'NoneType' object has no attribute 'read'
2026-06-03 13:08:47,838 - Failed on None: 'NoneType' object has no attribute 'read'
2026-06-03 13:08:47,838 - Failed on None: 'NoneType' object has no attribute 'read'
2026-06-03 13:08:47,838 - Failed on None: 'NoneType' object has no attribute 'read'
2026-06-03 13:08:47,838 - Failed on None: 'NoneType' object has no attribute 'read'
2026-06-03 13:08:47,838 - Failed on None: 'NoneType' object has no attribute 'read'
2026-06-03 13:08:47,838 - Failed on None: 'NoneType' object has no attribute 'read'
2026-06-03 13:08:47,838 - Failed on None: 'NoneType' object has no attribute 'read'
2026-06-03 13:08:47,838 - Failed on None: 'NoneType' object has no attribute 'read'
2026-06-03 13:08:47,838 - Failed on None: 'NoneType' object has no attribute 'read'
2026-06-03 13:08:47,838 - Failed on None: 'NoneType' object has no attribute 'read'
2026-06-03 13:08:47,838 - Failed on None: 'NoneType' object has no attribute 'read'
2026-06-03 13:08:47,838 - Failed on None: 'NoneType' object has no attribute 'read'
2026-06-03 13:08:47,838 - Failed on None: 'NoneType' object has no attribute 'read'
2026-06-03 13:08:47,838 - Failed on None: 'NoneType' object has no attribute 'read'
2026-06-03 13:08:47,838 - Failed on None: 'NoneType' object has no attribute 'read'
2026-06-03 13:08:47,838 - Failed on None: 'NoneType' object has no attribute 'read'
2026-06-03 13:08:47,838 - Failed on None: 'NoneType' object has no attribute 'read'
2026-06-03 13:08:47,838 - Failed on None: 'NoneType' object has no attribute 'read'
2026-06-03 13:08:47,838 - Failed on None: 'NoneType' object has no attribute 'read'
2026-06-03 13:08:47,838 - Failed on None: 'NoneType' object has no attribute 'read'
2026-06-03 13:08:47,838 - Failed on None: 'NoneType' object has no attribute 'read'
2026-06-03 13:08:47,838 - Failed on None: 'NoneType' object has no attribute 'read'
2026-06-03 13:08:47,838 - Failed on None: 'NoneType' object has no attribute 'read'
2026-06-03 13:08:47,838 - Failed on None: 'NoneType' object has no attribute 'read'
2026-06-03 13:08:47,839 - Failed on None: 'NoneType' object has no attribute 'read'
2026-06-03 13:08:47,839 - Failed on None: 'NoneType' object has no attribute 'read'
2026-06-03 13:08:47,839 - Failed on None: 'NoneType' object has no attribute 'read'
2026-06-03 13:08:47,839 - Failed on None: 'NoneType' object has no attribute 'read'
2026-06-03 13:08:47,839 - Failed on None: 'NoneType' object has no attribute 'read'
2026-06-03 13:08:47,839 - Failed on None: 'NoneType' object has no attribute 'read'
2026-06-03 13:08:47,839 - Failed on None: 'NoneType' object has no attribute 'read'
2026-06-03 13:08:47,839 - Failed on None: 'NoneType' object has no attribute 'read'
2026-06-03 13:08:47,839 - Failed on None: 'NoneType' object has no attribute 'read'
2026-06-03 13:08:47,839 - Failed on None: 'NoneType' object has no attribute 'read'
2026-06-03 13:08:47,839 - Failed on None: 'NoneType' object has no attribute 'read'
2026-06-03 13:08:47,839 - Failed on None: 'NoneType' object has no attribute 'read'
2026-06-03 13:08:47,839 - Failed on None: 'NoneType' object has no attribute 'read'
2026-06-03 13:08:47,839 - Failed on None: 'NoneType' object has no attribute 'read'
2026-06-03 13:08:47,839 - Failed on None: 'NoneType' object has no attribute 'read'
2026-06-03 13:08:47,839 - Failed on None: 'NoneType' object has no attribute 'read'
2026-06-03 13:08:47,839 - Failed on None: 'NoneType' object has no attribute 'read'
2026-06-03 13:08:47,839 - Failed on None: 'NoneType' object has no attribute 'read'
2026-06-03 13:08:47,839 - Failed on None: 'NoneType' object has no attribute 'read'
2026-06-03 13:08:47,839 - Failed on None: 'NoneType' object has no attribute 'read'
2026-06-03 13:08:47,839 - Failed on None: 'NoneType' object has no attribute 'read'
2026-06-03 13:08:47,839 - Failed on None: 'NoneType' object has no attribute 'read'
2026-06-03 13:08:47,839 - Failed on None: 'NoneType' object has no attribute 'read'
2026-06-03 13:08:47,839 - Failed on None: 'NoneType' object has no attribute 'read'
2026-06-03 13:08:47,839 - Failed on None: 'NoneType' object has no attribute 'read'
2026-06-03 13:08:47,839 - Failed on None: 'NoneType' object has no attribute 'read'
2026-06-03 13:08:47,839 - Failed on None: 'NoneType' object has no attribute 'read'
2026-06-03 13:08:47,839 - Failed on None: 'NoneType' object has no attribute 'read'
2026-06-03 13:08:47,839 - Failed on None: 'NoneType' object has no attribute 'read'
2026-06-03 13:08:47,839 - Failed on None: 'NoneType' object has no attribute 'read'
2026-06-03 13:08:47,839 - Failed on None: 'NoneType' object has no attribute 'read'
2026-06-03 13:08:47,839 - Failed on None: 'NoneType' object has no attribute 'read'
2026-06-03 13:08:48,264 - Failed on None: 'NoneType' object has no attribute 'read'
2026-06-03 13:08:48,264 - Failed on None: 'NoneType' object has no attribute 'read'
2026-06-03 13:08:48,264 - Failed on None: 'NoneType' object has no attribute 'read'
2026-06-03 13:08:48,264 - Failed on None: 'NoneType' object has no attribute 'read'
2026-06-03 13:08:48,264 - Failed on None: 'NoneType' object has no attribute 'read'
2026-06-03 13:08:48,264 - Failed on None: 'NoneType' object has no attribute 'read'
2026-06-03 13:08:48,264 - Failed on None: 'NoneType' object has no attribute 'read'
2026-06-03 13:08:48,264 - Failed on None: 'NoneType' object has no attribute 'read'
2026-06-03 13:08:48,264 - Failed on None: 'NoneType' object has no attribute 'read'
2026-06-03 13:08:48,264 - Failed on None: 'NoneType' object has no attribute 'read'
2026-06-03 13:08:48,264 - Failed on None: 'NoneType' object has no attribute 'read'
2026-06-03 13:08:48,264 - Failed on None: 'NoneType' object has no attribute 'read'
2026-06-03 13:08:48,264 - Failed on None: 'NoneType' object has no attribute 'read'
2026-06-03 13:08:48,265 - Failed on None: 'NoneType' object has no attribute 'read'
2026-06-03 13:08:48,265 - Failed on None: 'NoneType' object has no attribute 'read'
2026-06-03 13:08:48,919 - Failed on None: 'NoneType' object has no attribute 'read'
2026-06-03 13:08:48,919 - Failed on None: 'NoneType' object has no attribute 'read'
2026-06-03 13:08:48,919 - Failed on None: 'NoneType' object has no attribute 'read'
2026-06-03 13:08:49,344 - Failed on None: 'NoneType' object has no attribute 'read'
2026-06-03 13:08:49,345 - Failed on None: 'NoneType' object has no attribute 'read'
2026-06-03 13:08:49,345 - Failed on None: 'NoneType' object has no attribute 'read'
2026-06-03 13:08:49,345 - Failed on None: 'NoneType' object has no attribute 'read'
2026-06-03 13:08:49,345 - Failed on None: 'NoneType' object has no attribute 'read'
2026-06-03 13:08:49,345 - Failed on None: 'NoneType' object has no attribute 'read'
2026-06-03 13:08:49,345 - Failed on None: 'NoneType' object has no attribute 'read'
2026-06-03 13:08:49,345 - Failed on None: 'NoneType' object has no attribute 'read'
2026-06-03 13:08:49,345 - Failed on None: 'NoneType' object has no attribute 'read'
2026-06-03 13:08:49,345 - Failed on None: 'NoneType' object has no attribute 'read'
2026-06-03 13:08:49,345 - Failed on None: 'NoneType' object has no attribute 'read'
2026-06-03 13:08:49,345 - Progress: 4700 / 8084
2026-06-03 13:08:49,345 - Failed on None: 'NoneType' object has no attribute 'read'
2026-06-03 13:08:49,345 - Failed on None: 'NoneType' object has no attribute 'read'
2026-06-03 13:08:49,345 - Failed on None: 'NoneType' object has no attribute 'read'
2026-06-03 13:08:49,345 - Failed on None: 'NoneType' object has no attribute 'read'
2026-06-03 13:08:49,345 - Failed on None: 'NoneType' object has no attribute 'read'
2026-06-03 13:08:49,345 - Failed on None: 'NoneType' object has no attribute 'read'
2026-06-03 13:08:49,345 - Failed on None: 'NoneType' object has no attribute 'read'
2026-06-03 13:08:49,345 - Failed on None: 'NoneType' object has no attribute 'read'
2026-06-03 13:08:49,345 - Failed on None: 'NoneType' object has no attribute 'read'
2026-06-03 13:08:49,345 - Failed on None: 'NoneType' object has no attribute 'read'
2026-06-03 13:08:49,345 - Failed on None: 'NoneType' object has no attribute 'read'
2026-06-03 13:08:49,345 - Failed on None: 'NoneType' object has no attribute 'read'
2026-06-03 13:08:49,345 - Failed on None: 'NoneType' object has no attribute 'read'
2026-06-03 13:08:49,345 - Failed on None: 'NoneType' object has no attribute 'read'
2026-06-03 13:08:49,345 - Failed on None: 'NoneType' object has no attribute 'read'
2026-06-03 13:08:49,345 - Failed on None: 'NoneType' object has no attribute 'read'
2026-06-03 13:08:49,345 - Failed on None: 'NoneType' object has no attribute 'read'
2026-06-03 13:08:49,345 - Failed on None: 'NoneType' object has no attribute 'read'
2026-06-03 13:08:49,345 - Failed on None: 'NoneType' object has no attribute 'read'
2026-06-03 13:08:49,345 - Failed on None: 'NoneType' object has no attribute 'read'
2026-06-03 13:08:49,345 - Failed on None: 'NoneType' object has no attribute 'read'
2026-06-03 13:08:49,345 - Failed on None: 'NoneType' object has no attribute 'read'
2026-06-03 13:08:49,345 - Failed on None: 'NoneType' object has no attribute 'read'
2026-06-03 13:08:49,345 - Failed on None: 'NoneType' object has no attribute 'read'
2026-06-03 13:08:49,345 - Failed on None: 'NoneType' object has no attribute 'read'
2026-06-03 13:08:49,345 - Failed on None: 'NoneType' object has no attribute 'read'
2026-06-03 13:08:49,345 - Failed on None: 'NoneType' object has no attribute 'read'
2026-06-03 13:08:49,345 - Failed on None: 'NoneType' object has no attribute 'read'
2026-06-03 13:09:40,582 - Progress: 4800 / 8084
2026-06-03 13:10:07,915 - Failed on None: 'NoneType' object has no attribute 'read'
2026-06-03 13:10:07,916 - Failed on None: 'NoneType' object has no attribute 'read'
2026-06-03 13:10:07,916 - Failed on None: 'NoneType' object has no attribute 'read'
2026-06-03 13:10:09,355 - Failed on None: 'NoneType' object has no attribute 'read'
2026-06-03 13:10:09,355 - Failed on None: 'NoneType' object has no attribute 'read'
2026-06-03 13:10:09,355 - Failed on None: 'NoneType' object has no attribute 'read'
2026-06-03 13:10:09,355 - Failed on None: 'NoneType' object has no attribute 'read'
2026-06-03 13:10:09,355 - Failed on None: 'NoneType' object has no attribute 'read'
2026-06-03 13:10:09,355 - Failed on None: 'NoneType' object has no attribute 'read'
2026-06-03 13:10:10,121 - Failed on None: 'NoneType' object has no attribute 'read'
2026-06-03 13:10:10,122 - Failed on None: 'NoneType' object has no attribute 'read'
2026-06-03 13:10:10,122 - Failed on None: 'NoneType' object has no attribute 'read'
2026-06-03 13:10:10,122 - Failed on None: 'NoneType' object has no attribute 'read'
2026-06-03 13:10:10,122 - Failed on None: 'NoneType' object has no attribute 'read'
2026-06-03 13:10:10,122 - Failed on None: 'NoneType' object has no attribute 'read'
2026-06-03 13:10:10,122 - Failed on None: 'NoneType' object has no attribute 'read'
2026-06-03 13:10:10,122 - Failed on None: 'NoneType' object has no attribute 'read'
2026-06-03 13:10:10,122 - Failed on None: 'NoneType' object has no attribute 'read'
2026-06-03 13:10:10,122 - Failed on None: 'NoneType' object has no attribute 'read'
2026-06-03 13:10:10,122 - Failed on None: 'NoneType' object has no attribute 'read'
2026-06-03 13:10:10,122 - Failed on None: 'NoneType' object has no attribute 'read'
2026-06-03 13:10:10,122 - Failed on None: 'NoneType' object has no attribute 'read'
2026-06-03 13:10:10,122 - Failed on None: 'NoneType' object has no attribute 'read'
2026-06-03 13:10:10,122 - Failed on None: 'NoneType' object has no attribute 'read'
2026-06-03 13:10:10,122 - Failed on None: 'NoneType' object has no attribute 'read'
2026-06-03 13:10:10,122 - Failed on None: 'NoneType' object has no attribute 'read'
2026-06-03 13:10:10,122 - Failed on None: 'NoneType' object has no attribute 'read'
2026-06-03 13:10:10,122 - Failed on None: 'NoneType' object has no attribute 'read'
2026-06-03 13:10:10,122 - Failed on None: 'NoneType' object has no attribute 'read'
2026-06-03 13:10:10,122 - Failed on None: 'NoneType' object has no attribute 'read'
2026-06-03 13:10:10,122 - Failed on None: 'NoneType' object has no attribute 'read'
2026-06-03 13:10:10,122 - Failed on None: 'NoneType' object has no attribute 'read'
2026-06-03 13:10:10,122 - Failed on None: 'NoneType' object has no attribute 'read'
2026-06-03 13:10:10,122 - Failed on None: 'NoneType' object has no attribute 'read'
2026-06-03 13:10:10,122 - Failed on None: 'NoneType' object has no attribute 'read'
2026-06-03 13:10:10,122 - Failed on None: 'NoneType' object has no attribute 'read'
2026-06-03 13:10:10,122 - Failed on None: 'NoneType' object has no attribute 'read'
2026-06-03 13:10:10,122 - Failed on None: 'NoneType' object has no attribute 'read'
2026-06-03 13:10:10,122 - Failed on None: 'NoneType' object has no attribute 'read'
2026-06-03 13:10:10,122 - Failed on None: 'NoneType' object has no attribute 'read'
2026-06-03 13:10:10,122 - Failed on None: 'NoneType' object has no attribute 'read'
2026-06-03 13:10:10,122 - Failed on None: 'NoneType' object has no attribute 'read'
2026-06-03 13:10:10,122 - Failed on None: 'NoneType' object has no attribute 'read'
2026-06-03 13:10:10,122 - Failed on None: 'NoneType' object has no attribute 'read'
2026-06-03 13:10:10,122 - Failed on None: 'NoneType' object has no attribute 'read'
2026-06-03 13:10:10,122 - Failed on None: 'NoneType' object has no attribute 'read'
2026-06-03 13:10:10,122 - Failed on None: 'NoneType' object has no attribute 'read'
2026-06-03 13:10:10,122 - Failed on None: 'NoneType' object has no attribute 'read'
2026-06-03 13:10:10,122 - Failed on None: 'NoneType' object has no attribute 'read'
2026-06-03 13:10:10,122 - Failed on None: 'NoneType' object has no attribute 'read'
2026-06-03 13:10:10,122 - Failed on None: 'NoneType' object has no attribute 'read'
2026-06-03 13:10:10,122 - Failed on None: 'NoneType' object has no attribute 'read'
2026-06-03 13:10:10,122 - Failed on None: 'NoneType' object has no attribute 'read'
2026-06-03 13:10:10,122 - Failed on None: 'NoneType' object has no attribute 'read'
2026-06-03 13:10:10,122 - Failed on None: 'NoneType' object has no attribute 'read'
2026-06-03 13:10:10,122 - Failed on None: 'NoneType' object has no attribute 'read'
2026-06-03 13:10:10,122 - Failed on None: 'NoneType' object has no attribute 'read'
2026-06-03 13:10:10,122 - Failed on None: 'NoneType' object has no attribute 'read'
2026-06-03 13:10:10,122 - Failed on None: 'NoneType' object has no attribute 'read'
2026-06-03 13:10:10,122 - Progress: 4900 / 8084
2026-06-03 13:10:10,122 - Failed on None: 'NoneType' object has no attribute 'read'
2026-06-03 13:10:10,122 - Failed on None: 'NoneType' object has no attribute 'read'
2026-06-03 13:10:10,122 - Failed on None: 'NoneType' object has no attribute 'read'
2026-06-03 13:10:10,122 - Failed on None: 'NoneType' object has no attribute 'read'
2026-06-03 13:10:10,122 - Failed on None: 'NoneType' object has no attribute 'read'
2026-06-03 13:10:10,122 - Failed on None: 'NoneType' object has no attribute 'read'
2026-06-03 13:10:10,122 - Failed on None: 'NoneType' object has no attribute 'read'
2026-06-03 13:10:10,122 - Failed on None: 'NoneType' object has no attribute 'read'
2026-06-03 13:10:10,122 - Failed on None: 'NoneType' object has no attribute 'read'
2026-06-03 13:10:10,122 - Failed on None: 'NoneType' object has no attribute 'read'
2026-06-03 13:10:10,122 - Failed on None: 'NoneType' object has no attribute 'read'
2026-06-03 13:10:10,122 - Failed on None: 'NoneType' object has no attribute 'read'
2026-06-03 13:10:10,122 - Failed on None: 'NoneType' object has no attribute 'read'
2026-06-03 13:10:10,123 - Failed on None: 'NoneType' object has no attribute 'read'
2026-06-03 13:10:10,123 - Failed on None: 'NoneType' object has no attribute 'read'
2026-06-03 13:10:10,123 - Failed on None: 'NoneType' object has no attribute 'read'
2026-06-03 13:10:10,123 - Failed on None: 'NoneType' object has no attribute 'read'
2026-06-03 13:10:10,123 - Failed on None: 'NoneType' object has no attribute 'read'
2026-06-03 13:10:10,123 - Failed on None: 'NoneType' object has no attribute 'read'
2026-06-03 13:10:10,123 - Failed on None: 'NoneType' object has no attribute 'read'
2026-06-03 13:10:10,123 - Failed on None: 'NoneType' object has no attribute 'read'
2026-06-03 13:10:10,123 - Failed on None: 'NoneType' object has no attribute 'read'
2026-06-03 13:10:10,123 - Failed on None: 'NoneType' object has no attribute 'read'
2026-06-03 13:10:10,123 - Failed on None: 'NoneType' object has no attribute 'read'
2026-06-03 13:10:10,123 - Failed on None: 'NoneType' object has no attribute 'read'
2026-06-03 13:10:10,123 - Failed on None: 'NoneType' object has no attribute 'read'
2026-06-03 13:10:10,123 - Failed on None: 'NoneType' object has no attribute 'read'
2026-06-03 13:10:10,123 - Failed on None: 'NoneType' object has no attribute 'read'
2026-06-03 13:10:10,123 - Failed on None: 'NoneType' object has no attribute 'read'
2026-06-03 13:10:10,123 - Failed on None: 'NoneType' object has no attribute 'read'
2026-06-03 13:10:10,123 - Failed on None: 'NoneType' object has no attribute 'read'
2026-06-03 13:10:10,123 - Failed on None: 'NoneType' object has no attribute 'read'
2026-06-03 13:10:10,123 - Failed on None: 'NoneType' object has no attribute 'read'
2026-06-03 13:10:10,123 - Failed on None: 'NoneType' object has no attribute 'read'
2026-06-03 13:10:10,123 - Failed on None: 'NoneType' object has no attribute 'read'
2026-06-03 13:10:10,123 - Failed on None: 'NoneType' object has no attribute 'read'
2026-06-03 13:10:10,123 - Failed on None: 'NoneType' object has no attribute 'read'
2026-06-03 13:10:10,123 - Failed on None: 'NoneType' object has no attribute 'read'
2026-06-03 13:10:10,123 - Failed on None: 'NoneType' object has no attribute 'read'
2026-06-03 13:10:10,123 - Failed on None: 'NoneType' object has no attribute 'read'
2026-06-03 13:10:10,123 - Failed on None: 'NoneType' object has no attribute 'read'
2026-06-03 13:10:10,123 - Failed on None: 'NoneType' object has no attribute 'read'
2026-06-03 13:10:10,123 - Failed on None: 'NoneType' object has no attribute 'read'
2026-06-03 13:10:10,123 - Failed on None: 'NoneType' object has no attribute 'read'
2026-06-03 13:10:10,123 - Failed on None: 'NoneType' object has no attribute 'read'
2026-06-03 13:10:10,123 - Failed on None: 'NoneType' object has no attribute 'read'
2026-06-03 13:10:10,123 - Failed on None: 'NoneType' object has no attribute 'read'
2026-06-03 13:10:10,123 - Failed on None: 'NoneType' object has no attribute 'read'
2026-06-03 13:10:10,123 - Failed on None: 'NoneType' object has no attribute 'read'
2026-06-03 13:10:10,123 - Failed on None: 'NoneType' object has no attribute 'read'
2026-06-03 13:10:10,123 - Failed on None: 'NoneType' object has no attribute 'read'
2026-06-03 13:10:10,123 - Failed on None: 'NoneType' object has no attribute 'read'
2026-06-03 13:10:10,123 - Failed on None: 'NoneType' object has no attribute 'read'
2026-06-03 13:10:10,123 - Failed on None: 'NoneType' object has no attribute 'read'
2026-06-03 13:10:10,123 - Failed on None: 'NoneType' object has no attribute 'read'
2026-06-03 13:10:10,123 - Failed on None: 'NoneType' object has no attribute 'read'
2026-06-03 13:10:10,123 - Failed on None: 'NoneType' object has no attribute 'read'
2026-06-03 13:10:10,123 - Failed on None: 'NoneType' object has no attribute 'read'
2026-06-03 13:10:10,123 - Failed on None: 'NoneType' object has no attribute 'read'
2026-06-03 13:10:10,123 - Failed on None: 'NoneType' object has no attribute 'read'
2026-06-03 13:10:10,123 - Failed on None: 'NoneType' object has no attribute 'read'
2026-06-03 13:10:10,123 - Failed on None: 'NoneType' object has no attribute 'read'
2026-06-03 13:10:10,123 - Failed on None: 'NoneType' object has no attribute 'read'
2026-06-03 13:10:10,123 - Failed on None: 'NoneType' object has no attribute 'read'
2026-06-03 13:10:10,123 - Failed on None: 'NoneType' object has no attribute 'read'
2026-06-03 13:10:10,123 - Failed on None: 'NoneType' object has no attribute 'read'
2026-06-03 13:10:10,123 - Failed on None: 'NoneType' object has no attribute 'read'
2026-06-03 13:10:10,123 - Failed on None: 'NoneType' object has no attribute 'read'
2026-06-03 13:10:10,123 - Failed on None: 'NoneType' object has no attribute 'read'
2026-06-03 13:10:10,123 - Failed on None: 'NoneType' object has no attribute 'read'
2026-06-03 13:10:10,123 - Failed on None: 'NoneType' object has no attribute 'read'
2026-06-03 13:10:10,123 - Failed on None: 'NoneType' object has no attribute 'read'
2026-06-03 13:10:10,123 - Failed on None: 'NoneType' object has no attribute 'read'
2026-06-03 13:10:10,123 - Failed on None: 'NoneType' object has no attribute 'read'
2026-06-03 13:10:10,123 - Failed on None: 'NoneType' object has no attribute 'read'
2026-06-03 13:10:10,123 - Failed on None: 'NoneType' object has no attribute 'read'
2026-06-03 13:10:10,123 - Failed on None: 'NoneType' object has no attribute 'read'
2026-06-03 13:10:10,123 - Failed on None: 'NoneType' object has no attribute 'read'
2026-06-03 13:10:10,124 - Failed on None: 'NoneType' object has no attribute 'read'
2026-06-03 13:10:10,124 - Failed on None: 'NoneType' object has no attribute 'read'
2026-06-03 13:10:10,124 - Failed on None: 'NoneType' object has no attribute 'read'
2026-06-03 13:10:10,124 - Failed on None: 'NoneType' object has no attribute 'read'
2026-06-03 13:10:10,124 - Failed on None: 'NoneType' object has no attribute 'read'
2026-06-03 13:10:10,124 - Failed on None: 'NoneType' object has no attribute 'read'
2026-06-03 13:10:10,124 - Failed on None: 'NoneType' object has no attribute 'read'
2026-06-03 13:10:10,124 - Failed on None: 'NoneType' object has no attribute 'read'
2026-06-03 13:10:10,124 - Failed on None: 'NoneType' object has no attribute 'read'
2026-06-03 13:10:10,124 - Failed on None: 'NoneType' object has no attribute 'read'
2026-06-03 13:10:10,124 - Failed on None: 'NoneType' object has no attribute 'read'
2026-06-03 13:10:10,124 - Failed on None: 'NoneType' object has no attribute 'read'
2026-06-03 13:10:10,124 - Failed on None: 'NoneType' object has no attribute 'read'
2026-06-03 13:10:10,124 - Failed on None: 'NoneType' object has no attribute 'read'
2026-06-03 13:10:10,124 - Failed on None: 'NoneType' object has no attribute 'read'
2026-06-03 13:10:10,124 - Failed on None: 'NoneType' object has no attribute 'read'
2026-06-03 13:10:10,124 - Failed on None: 'NoneType' object has no attribute 'read'
2026-06-03 13:10:10,124 - Failed on None: 'NoneType' object has no attribute 'read'
2026-06-03 13:10:10,124 - Failed on None: 'NoneType' object has no attribute 'read'
2026-06-03 13:10:10,124 - Failed on None: 'NoneType' object has no attribute 'read'
2026-06-03 13:10:10,124 - Failed on None: 'NoneType' object has no attribute 'read'
2026-06-03 13:10:10,124 - Failed on None: 'NoneType' object has no attribute 'read'
2026-06-03 13:10:10,124 - Progress: 5000 / 8084
2026-06-03 13:10:10,124 - Failed on None: 'NoneType' object has no attribute 'read'
2026-06-03 13:10:10,124 - Failed on None: 'NoneType' object has no attribute 'read'
2026-06-03 13:10:10,124 - Failed on None: 'NoneType' object has no attribute 'read'
2026-06-03 13:10:10,124 - Failed on None: 'NoneType' object has no attribute 'read'
2026-06-03 13:10:10,124 - Failed on None: 'NoneType' object has no attribute 'read'
2026-06-03 13:10:10,124 - Failed on None: 'NoneType' object has no attribute 'read'
2026-06-03 13:10:10,124 - Failed on None: 'NoneType' object has no attribute 'read'
2026-06-03 13:10:10,124 - Failed on None: 'NoneType' object has no attribute 'read'
2026-06-03 13:10:10,124 - Failed on None: 'NoneType' object has no attribute 'read'
2026-06-03 13:10:10,124 - Failed on None: 'NoneType' object has no attribute 'read'
2026-06-03 13:10:10,124 - Failed on None: 'NoneType' object has no attribute 'read'
2026-06-03 13:10:10,124 - Failed on None: 'NoneType' object has no attribute 'read'
2026-06-03 13:10:10,124 - Failed on None: 'NoneType' object has no attribute 'read'
2026-06-03 13:10:10,124 - Failed on None: 'NoneType' object has no attribute 'read'
2026-06-03 13:10:10,124 - Failed on None: 'NoneType' object has no attribute 'read'
2026-06-03 13:10:10,124 - Failed on None: 'NoneType' object has no attribute 'read'
2026-06-03 13:10:10,124 - Failed on None: 'NoneType' object has no attribute 'read'
2026-06-03 13:10:10,124 - Failed on None: 'NoneType' object has no attribute 'read'
2026-06-03 13:10:10,124 - Failed on None: 'NoneType' object has no attribute 'read'
2026-06-03 13:10:10,124 - Failed on None: 'NoneType' object has no attribute 'read'
2026-06-03 13:10:10,124 - Failed on None: 'NoneType' object has no attribute 'read'
2026-06-03 13:10:10,124 - Failed on None: 'NoneType' object has no attribute 'read'
2026-06-03 13:10:10,124 - Failed on None: 'NoneType' object has no attribute 'read'
2026-06-03 13:10:10,124 - Failed on None: 'NoneType' object has no attribute 'read'
2026-06-03 13:10:10,124 - Failed on None: 'NoneType' object has no attribute 'read'
2026-06-03 13:10:10,124 - Failed on None: 'NoneType' object has no attribute 'read'
2026-06-03 13:10:10,124 - Failed on None: 'NoneType' object has no attribute 'read'
2026-06-03 13:10:10,124 - Failed on None: 'NoneType' object has no attribute 'read'
2026-06-03 13:10:10,124 - Failed on None: 'NoneType' object has no attribute 'read'
2026-06-03 13:10:10,124 - Failed on None: 'NoneType' object has no attribute 'read'
2026-06-03 13:10:10,124 - Failed on None: 'NoneType' object has no attribute 'read'
2026-06-03 13:10:10,124 - Failed on None: 'NoneType' object has no attribute 'read'
2026-06-03 13:10:10,124 - Failed on None: 'NoneType' object has no attribute 'read'
2026-06-03 13:10:10,124 - Failed on None: 'NoneType' object has no attribute 'read'
2026-06-03 13:10:10,124 - Failed on None: 'NoneType' object has no attribute 'read'
2026-06-03 13:10:10,124 - Failed on None: 'NoneType' object has no attribute 'read'
2026-06-03 13:10:10,124 - Failed on None: 'NoneType' object has no attribute 'read'
2026-06-03 13:10:10,124 - Failed on None: 'NoneType' object has no attribute 'read'
2026-06-03 13:10:10,124 - Failed on None: 'NoneType' object has no attribute 'read'
2026-06-03 13:10:10,124 - Failed on None: 'NoneType' object has no attribute 'read'
2026-06-03 13:10:10,124 - Failed on None: 'NoneType' object has no attribute 'read'
2026-06-03 13:10:10,124 - Failed on None: 'NoneType' object has no attribute 'read'
2026-06-03 13:10:10,124 - Failed on None: 'NoneType' object has no attribute 'read'
2026-06-03 13:10:10,125 - Failed on None: 'NoneType' object has no attribute 'read'
2026-06-03 13:10:10,125 - Failed on None: 'NoneType' object has no attribute 'read'
2026-06-03 13:10:10,125 - Failed on None: 'NoneType' object has no attribute 'read'
2026-06-03 13:10:10,125 - Failed on None: 'NoneType' object has no attribute 'read'
2026-06-03 13:10:10,125 - Failed on None: 'NoneType' object has no attribute 'read'
2026-06-03 13:10:10,125 - Failed on None: 'NoneType' object has no attribute 'read'
2026-06-03 13:10:10,125 - Failed on None: 'NoneType' object has no attribute 'read'
2026-06-03 13:10:10,125 - Failed on None: 'NoneType' object has no attribute 'read'
2026-06-03 13:10:10,125 - Failed on None: 'NoneType' object has no attribute 'read'
2026-06-03 13:10:10,125 - Failed on None: 'NoneType' object has no attribute 'read'
2026-06-03 13:10:10,125 - Failed on None: 'NoneType' object has no attribute 'read'
2026-06-03 13:10:10,125 - Failed on None: 'NoneType' object has no attribute 'read'
2026-06-03 13:10:10,125 - Failed on None: 'NoneType' object has no attribute 'read'
2026-06-03 13:10:10,125 - Failed on None: 'NoneType' object has no attribute 'read'
2026-06-03 13:10:10,125 - Failed on None: 'NoneType' object has no attribute 'read'
2026-06-03 13:10:10,125 - Failed on None: 'NoneType' object has no attribute 'read'
2026-06-03 13:10:10,125 - Failed on None: 'NoneType' object has no attribute 'read'
2026-06-03 13:10:10,125 - Failed on None: 'NoneType' object has no attribute 'read'
2026-06-03 13:10:10,125 - Failed on None: 'NoneType' object has no attribute 'read'
2026-06-03 13:10:10,125 - Failed on None: 'NoneType' object has no attribute 'read'
2026-06-03 13:10:10,125 - Failed on None: 'NoneType' object has no attribute 'read'
2026-06-03 13:10:10,125 - Failed on None: 'NoneType' object has no attribute 'read'
2026-06-03 13:10:10,125 - Failed on None: 'NoneType' object has no attribute 'read'
2026-06-03 13:10:10,125 - Failed on None: 'NoneType' object has no attribute 'read'
2026-06-03 13:10:10,125 - Failed on None: 'NoneType' object has no attribute 'read'
2026-06-03 13:10:10,125 - Failed on None: 'NoneType' object has no attribute 'read'
2026-06-03 13:10:10,125 - Failed on None: 'NoneType' object has no attribute 'read'
2026-06-03 13:10:10,125 - Failed on None: 'NoneType' object has no attribute 'read'
2026-06-03 13:10:10,125 - Failed on None: 'NoneType' object has no attribute 'read'
2026-06-03 13:10:10,125 - Failed on None: 'NoneType' object has no attribute 'read'
2026-06-03 13:10:10,125 - Failed on None: 'NoneType' object has no attribute 'read'
2026-06-03 13:10:10,125 - Failed on None: 'NoneType' object has no attribute 'read'
2026-06-03 13:10:10,125 - Failed on None: 'NoneType' object has no attribute 'read'
2026-06-03 13:10:10,125 - Failed on None: 'NoneType' object has no attribute 'read'
2026-06-03 13:10:10,125 - Failed on None: 'NoneType' object has no attribute 'read'
2026-06-03 13:10:10,125 - Failed on None: 'NoneType' object has no attribute 'read'
2026-06-03 13:10:10,125 - Failed on None: 'NoneType' object has no attribute 'read'
2026-06-03 13:10:10,125 - Failed on None: 'NoneType' object has no attribute 'read'
2026-06-03 13:10:10,125 - Failed on None: 'NoneType' object has no attribute 'read'
2026-06-03 13:10:10,125 - Failed on None: 'NoneType' object has no attribute 'read'
2026-06-03 13:10:10,125 - Failed on None: 'NoneType' object has no attribute 'read'
2026-06-03 13:10:10,125 - Failed on None: 'NoneType' object has no attribute 'read'
2026-06-03 13:10:10,125 - Failed on None: 'NoneType' object has no attribute 'read'
2026-06-03 13:10:10,125 - Failed on None: 'NoneType' object has no attribute 'read'
2026-06-03 13:10:10,125 - Failed on None: 'NoneType' object has no attribute 'read'
2026-06-03 13:10:10,125 - Failed on None: 'NoneType' object has no attribute 'read'
2026-06-03 13:10:10,125 - Failed on None: 'NoneType' object has no attribute 'read'
2026-06-03 13:10:10,125 - Failed on None: 'NoneType' object has no attribute 'read'
2026-06-03 13:10:10,125 - Failed on None: 'NoneType' object has no attribute 'read'
2026-06-03 13:10:10,125 - Failed on None: 'NoneType' object has no attribute 'read'
2026-06-03 13:10:10,125 - Failed on None: 'NoneType' object has no attribute 'read'
2026-06-03 13:10:10,125 - Failed on None: 'NoneType' object has no attribute 'read'
2026-06-03 13:10:10,125 - Failed on None: 'NoneType' object has no attribute 'read'
2026-06-03 13:10:10,125 - Failed on None: 'NoneType' object has no attribute 'read'
2026-06-03 13:10:10,125 - Failed on None: 'NoneType' object has no attribute 'read'
2026-06-03 13:10:10,125 - Failed on None: 'NoneType' object has no attribute 'read'
2026-06-03 13:10:10,125 - Failed on None: 'NoneType' object has no attribute 'read'
2026-06-03 13:10:10,125 - Progress: 5100 / 8084
2026-06-03 13:10:10,125 - Failed on None: 'NoneType' object has no attribute 'read'
2026-06-03 13:10:10,125 - Failed on None: 'NoneType' object has no attribute 'read'
2026-06-03 13:10:10,125 - Failed on None: 'NoneType' object has no attribute 'read'
2026-06-03 13:10:10,125 - Failed on None: 'NoneType' object has no attribute 'read'
2026-06-03 13:10:10,125 - Failed on None: 'NoneType' object has no attribute 'read'
2026-06-03 13:10:10,125 - Failed on None: 'NoneType' object has no attribute 'read'
2026-06-03 13:10:10,125 - Failed on None: 'NoneType' object has no attribute 'read'
2026-06-03 13:10:10,125 - Failed on None: 'NoneType' object has no attribute 'read'
2026-06-03 13:10:10,125 - Failed on None: 'NoneType' object has no attribute 'read'
2026-06-03 13:10:10,125 - Failed on None: 'NoneType' object has no attribute 'read'
2026-06-03 13:10:10,125 - Failed on None: 'NoneType' object has no attribute 'read'
2026-06-03 13:10:10,125 - Failed on None: 'NoneType' object has no attribute 'read'
2026-06-03 13:10:10,125 - Failed on None: 'NoneType' object has no attribute 'read'
2026-06-03 13:10:10,126 - Failed on None: 'NoneType' object has no attribute 'read'
2026-06-03 13:10:10,126 - Failed on None: 'NoneType' object has no attribute 'read'
2026-06-03 13:10:10,126 - Failed on None: 'NoneType' object has no attribute 'read'
2026-06-03 13:10:10,126 - Failed on None: 'NoneType' object has no attribute 'read'
2026-06-03 13:10:10,126 - Failed on None: 'NoneType' object has no attribute 'read'
2026-06-03 13:10:10,126 - Failed on None: 'NoneType' object has no attribute 'read'
2026-06-03 13:10:10,126 - Failed on None: 'NoneType' object has no attribute 'read'
2026-06-03 13:10:10,126 - Failed on None: 'NoneType' object has no attribute 'read'
2026-06-03 13:10:10,126 - Failed on None: 'NoneType' object has no attribute 'read'
2026-06-03 13:10:10,126 - Failed on None: 'NoneType' object has no attribute 'read'
2026-06-03 13:10:10,126 - Failed on None: 'NoneType' object has no attribute 'read'
2026-06-03 13:10:10,126 - Failed on None: 'NoneType' object has no attribute 'read'
2026-06-03 13:10:10,126 - Failed on None: 'NoneType' object has no attribute 'read'
2026-06-03 13:10:10,126 - Failed on None: 'NoneType' object has no attribute 'read'
2026-06-03 13:10:10,126 - Failed on None: 'NoneType' object has no attribute 'read'
2026-06-03 13:10:10,126 - Failed on None: 'NoneType' object has no attribute 'read'
2026-06-03 13:10:10,126 - Failed on None: 'NoneType' object has no attribute 'read'
2026-06-03 13:10:10,126 - Failed on None: 'NoneType' object has no attribute 'read'
2026-06-03 13:10:10,126 - Failed on None: 'NoneType' object has no attribute 'read'
2026-06-03 13:10:10,126 - Failed on None: 'NoneType' object has no attribute 'read'
2026-06-03 13:10:10,126 - Failed on None: 'NoneType' object has no attribute 'read'
2026-06-03 13:10:10,126 - Failed on None: 'NoneType' object has no attribute 'read'
2026-06-03 13:10:10,126 - Failed on None: 'NoneType' object has no attribute 'read'
2026-06-03 13:10:10,126 - Failed on None: 'NoneType' object has no attribute 'read'
2026-06-03 13:10:10,126 - Failed on None: 'NoneType' object has no attribute 'read'
2026-06-03 13:10:10,126 - Failed on None: 'NoneType' object has no attribute 'read'
2026-06-03 13:10:10,126 - Failed on None: 'NoneType' object has no attribute 'read'
2026-06-03 13:10:10,126 - Failed on None: 'NoneType' object has no attribute 'read'
2026-06-03 13:10:10,126 - Failed on None: 'NoneType' object has no attribute 'read'
2026-06-03 13:10:10,126 - Failed on None: 'NoneType' object has no attribute 'read'
2026-06-03 13:10:10,126 - Failed on None: 'NoneType' object has no attribute 'read'
2026-06-03 13:10:10,126 - Failed on None: 'NoneType' object has no attribute 'read'
2026-06-03 13:10:10,126 - Failed on None: 'NoneType' object has no attribute 'read'
2026-06-03 13:10:10,126 - Failed on None: 'NoneType' object has no attribute 'read'
2026-06-03 13:10:10,126 - Failed on None: 'NoneType' object has no attribute 'read'
2026-06-03 13:10:10,126 - Failed on None: 'NoneType' object has no attribute 'read'
2026-06-03 13:10:10,126 - Failed on None: 'NoneType' object has no attribute 'read'
2026-06-03 13:10:10,126 - Failed on None: 'NoneType' object has no attribute 'read'
2026-06-03 13:10:10,126 - Failed on None: 'NoneType' object has no attribute 'read'
2026-06-03 13:10:10,126 - Failed on None: 'NoneType' object has no attribute 'read'
2026-06-03 13:10:10,126 - Failed on None: 'NoneType' object has no attribute 'read'
2026-06-03 13:10:10,126 - Failed on None: 'NoneType' object has no attribute 'read'
2026-06-03 13:10:10,126 - Failed on None: 'NoneType' object has no attribute 'read'
2026-06-03 13:10:10,126 - Failed on None: 'NoneType' object has no attribute 'read'
2026-06-03 13:10:10,126 - Failed on None: 'NoneType' object has no attribute 'read'
2026-06-03 13:10:10,126 - Failed on None: 'NoneType' object has no attribute 'read'
2026-06-03 13:10:10,126 - Failed on None: 'NoneType' object has no attribute 'read'
2026-06-03 13:10:10,126 - Failed on None: 'NoneType' object has no attribute 'read'
2026-06-03 13:10:10,126 - Failed on None: 'NoneType' object has no attribute 'read'
2026-06-03 13:10:10,126 - Failed on None: 'NoneType' object has no attribute 'read'
2026-06-03 13:10:10,126 - Failed on None: 'NoneType' object has no attribute 'read'
2026-06-03 13:10:10,126 - Failed on None: 'NoneType' object has no attribute 'read'
2026-06-03 13:10:10,126 - Failed on None: 'NoneType' object has no attribute 'read'
2026-06-03 13:10:10,126 - Failed on None: 'NoneType' object has no attribute 'read'
2026-06-03 13:10:10,126 - Failed on None: 'NoneType' object has no attribute 'read'
2026-06-03 13:10:10,126 - Failed on None: 'NoneType' object has no attribute 'read'
2026-06-03 13:10:10,126 - Failed on None: 'NoneType' object has no attribute 'read'
2026-06-03 13:10:10,126 - Failed on None: 'NoneType' object has no attribute 'read'
2026-06-03 13:10:10,126 - Failed on None: 'NoneType' object has no attribute 'read'
2026-06-03 13:10:10,126 - Failed on None: 'NoneType' object has no attribute 'read'
2026-06-03 13:10:10,126 - Failed on None: 'NoneType' object has no attribute 'read'
2026-06-03 13:10:10,126 - Failed on None: 'NoneType' object has no attribute 'read'
2026-06-03 13:10:10,126 - Failed on None: 'NoneType' object has no attribute 'read'
2026-06-03 13:10:10,126 - Failed on None: 'NoneType' object has no attribute 'read'
2026-06-03 13:10:10,126 - Failed on None: 'NoneType' object has no attribute 'read'
2026-06-03 13:10:10,126 - Failed on None: 'NoneType' object has no attribute 'read'
2026-06-03 13:10:10,126 - Failed on None: 'NoneType' object has no attribute 'read'
2026-06-03 13:10:10,126 - Failed on None: 'NoneType' object has no attribute 'read'
2026-06-03 13:10:10,126 - Failed on None: 'NoneType' object has no attribute 'read'
2026-06-03 13:10:10,126 - Failed on None: 'NoneType' object has no attribute 'read'
2026-06-03 13:10:10,126 - Failed on None: 'NoneType' object has no attribute 'read'
2026-06-03 13:10:10,127 - Failed on None: 'NoneType' object has no attribute 'read'
2026-06-03 13:10:10,127 - Failed on None: 'NoneType' object has no attribute 'read'
2026-06-03 13:10:10,127 - Failed on None: 'NoneType' object has no attribute 'read'
2026-06-03 13:10:10,127 - Failed on None: 'NoneType' object has no attribute 'read'
2026-06-03 13:10:10,127 - Failed on None: 'NoneType' object has no attribute 'read'
2026-06-03 13:10:10,127 - Failed on None: 'NoneType' object has no attribute 'read'
2026-06-03 13:10:10,127 - Failed on None: 'NoneType' object has no attribute 'read'
2026-06-03 13:10:10,127 - Failed on None: 'NoneType' object has no attribute 'read'
2026-06-03 13:10:10,127 - Failed on None: 'NoneType' object has no attribute 'read'
2026-06-03 13:10:10,127 - Failed on None: 'NoneType' object has no attribute 'read'
2026-06-03 13:10:10,127 - Failed on None: 'NoneType' object has no attribute 'read'
2026-06-03 13:10:10,127 - Failed on None: 'NoneType' object has no attribute 'read'
2026-06-03 13:10:10,127 - Failed on None: 'NoneType' object has no attribute 'read'
2026-06-03 13:10:10,127 - Failed on None: 'NoneType' object has no attribute 'read'
2026-06-03 13:10:10,127 - Failed on None: 'NoneType' object has no attribute 'read'
2026-06-03 13:10:10,127 - Failed on None: 'NoneType' object has no attribute 'read'
2026-06-03 13:10:10,127 - Progress: 5200 / 8084
2026-06-03 13:10:10,127 - Failed on None: 'NoneType' object has no attribute 'read'
2026-06-03 13:10:10,127 - Failed on None: 'NoneType' object has no attribute 'read'
2026-06-03 13:10:10,127 - Failed on None: 'NoneType' object has no attribute 'read'
2026-06-03 13:10:10,127 - Failed on None: 'NoneType' object has no attribute 'read'
2026-06-03 13:10:10,127 - Failed on None: 'NoneType' object has no attribute 'read'
2026-06-03 13:10:10,127 - Failed on None: 'NoneType' object has no attribute 'read'
2026-06-03 13:10:10,127 - Failed on None: 'NoneType' object has no attribute 'read'
2026-06-03 13:10:10,127 - Failed on None: 'NoneType' object has no attribute 'read'
2026-06-03 13:10:10,127 - Failed on None: 'NoneType' object has no attribute 'read'
2026-06-03 13:10:10,127 - Failed on None: 'NoneType' object has no attribute 'read'
2026-06-03 13:10:10,127 - Failed on None: 'NoneType' object has no attribute 'read'
2026-06-03 13:10:10,127 - Failed on None: 'NoneType' object has no attribute 'read'
2026-06-03 13:10:10,127 - Failed on None: 'NoneType' object has no attribute 'read'
2026-06-03 13:10:10,127 - Failed on None: 'NoneType' object has no attribute 'read'
2026-06-03 13:10:10,127 - Failed on None: 'NoneType' object has no attribute 'read'
2026-06-03 13:10:10,127 - Failed on None: 'NoneType' object has no attribute 'read'
2026-06-03 13:10:10,127 - Failed on None: 'NoneType' object has no attribute 'read'
2026-06-03 13:10:10,127 - Failed on None: 'NoneType' object has no attribute 'read'
2026-06-03 13:10:10,127 - Failed on None: 'NoneType' object has no attribute 'read'
2026-06-03 13:10:10,127 - Failed on None: 'NoneType' object has no attribute 'read'
2026-06-03 13:10:10,127 - Failed on None: 'NoneType' object has no attribute 'read'
2026-06-03 13:10:10,127 - Failed on None: 'NoneType' object has no attribute 'read'
2026-06-03 13:10:10,127 - Failed on None: 'NoneType' object has no attribute 'read'
2026-06-03 13:10:10,127 - Failed on None: 'NoneType' object has no attribute 'read'
2026-06-03 13:10:10,127 - Failed on None: 'NoneType' object has no attribute 'read'
2026-06-03 13:10:11,571 - Failed on None: 'NoneType' object has no attribute 'read'
2026-06-03 13:10:11,571 - Failed on None: 'NoneType' object has no attribute 'read'
2026-06-03 13:10:11,571 - Failed on None: 'NoneType' object has no attribute 'read'
2026-06-03 13:10:11,571 - Failed on None: 'NoneType' object has no attribute 'read'
2026-06-03 13:10:11,571 - Failed on None: 'NoneType' object has no attribute 'read'
2026-06-03 13:10:11,571 - Failed on None: 'NoneType' object has no attribute 'read'
2026-06-03 13:10:11,571 - Failed on None: 'NoneType' object has no attribute 'read'
2026-06-03 13:10:11,571 - Failed on None: 'NoneType' object has no attribute 'read'
2026-06-03 13:10:11,571 - Failed on None: 'NoneType' object has no attribute 'read'
2026-06-03 13:10:11,571 - Failed on None: 'NoneType' object has no attribute 'read'
2026-06-03 13:10:11,571 - Failed on None: 'NoneType' object has no attribute 'read'
2026-06-03 13:10:11,572 - Failed on None: 'NoneType' object has no attribute 'read'
2026-06-03 13:10:11,572 - Failed on None: 'NoneType' object has no attribute 'read'
2026-06-03 13:10:11,572 - Failed on None: 'NoneType' object has no attribute 'read'
2026-06-03 13:10:11,572 - Failed on None: 'NoneType' object has no attribute 'read'
2026-06-03 13:10:11,572 - Failed on None: 'NoneType' object has no attribute 'read'
2026-06-03 13:10:11,572 - Failed on None: 'NoneType' object has no attribute 'read'
2026-06-03 13:10:11,572 - Failed on None: 'NoneType' object has no attribute 'read'
2026-06-03 13:10:11,572 - Failed on None: 'NoneType' object has no attribute 'read'
2026-06-03 13:10:11,572 - Failed on None: 'NoneType' object has no attribute 'read'
2026-06-03 13:10:11,572 - Failed on None: 'NoneType' object has no attribute 'read'
2026-06-03 13:10:11,572 - Failed on None: 'NoneType' object has no attribute 'read'
2026-06-03 13:10:11,572 - Failed on None: 'NoneType' object has no attribute 'read'
2026-06-03 13:10:11,572 - Failed on None: 'NoneType' object has no attribute 'read'
2026-06-03 13:10:11,572 - Failed on None: 'NoneType' object has no attribute 'read'
2026-06-03 13:10:11,572 - Failed on None: 'NoneType' object has no attribute 'read'
2026-06-03 13:10:11,572 - Failed on None: 'NoneType' object has no attribute 'read'
2026-06-03 13:10:11,572 - Failed on None: 'NoneType' object has no attribute 'read'
2026-06-03 13:10:11,572 - Failed on None: 'NoneType' object has no attribute 'read'
2026-06-03 13:10:11,572 - Failed on None: 'NoneType' object has no attribute 'read'
2026-06-03 13:10:11,572 - Failed on None: 'NoneType' object has no attribute 'read'
2026-06-03 13:10:11,572 - Failed on None: 'NoneType' object has no attribute 'read'
2026-06-03 13:10:11,572 - Failed on None: 'NoneType' object has no attribute 'read'
2026-06-03 13:10:11,572 - Failed on None: 'NoneType' object has no attribute 'read'
2026-06-03 13:10:11,572 - Failed on None: 'NoneType' object has no attribute 'read'
2026-06-03 13:10:11,572 - Failed on None: 'NoneType' object has no attribute 'read'
2026-06-03 13:10:11,572 - Failed on None: 'NoneType' object has no attribute 'read'
2026-06-03 13:10:11,572 - Failed on None: 'NoneType' object has no attribute 'read'
2026-06-03 13:10:11,572 - Failed on None: 'NoneType' object has no attribute 'read'
2026-06-03 13:10:11,572 - Failed on None: 'NoneType' object has no attribute 'read'
2026-06-03 13:10:11,572 - Failed on None: 'NoneType' object has no attribute 'read'
2026-06-03 13:10:11,572 - Failed on None: 'NoneType' object has no attribute 'read'
2026-06-03 13:10:11,572 - Failed on None: 'NoneType' object has no attribute 'read'
2026-06-03 13:10:11,572 - Failed on None: 'NoneType' object has no attribute 'read'
2026-06-03 13:10:11,572 - Failed on None: 'NoneType' object has no attribute 'read'
2026-06-03 13:10:11,572 - Failed on None: 'NoneType' object has no attribute 'read'
2026-06-03 13:10:11,572 - Failed on None: 'NoneType' object has no attribute 'read'
2026-06-03 13:10:11,572 - Failed on None: 'NoneType' object has no attribute 'read'
2026-06-03 13:10:11,572 - Failed on None: 'NoneType' object has no attribute 'read'
2026-06-03 13:10:11,572 - Failed on None: 'NoneType' object has no attribute 'read'
2026-06-03 13:10:23,353 - Progress: 5300 / 8084
2026-06-03 13:10:41,822 - Failed on None: 'NoneType' object has no attribute 'read'
2026-06-03 13:11:05,286 - Failed on /Users/zachloo/Pictures/Photos Library.photoslibrary/originals/8/86821582-4497-4564-8293-6C70D479F6FF.heic: cannot identify image file '/Users/zachloo/Pictures/Photos Library.photoslibrary/originals/8/86821582-4497-4564-8293-6C70D479F6FF.heic'
2026-06-03 13:11:24,628 - Failed on None: 'NoneType' object has no attribute 'read'
2026-06-03 13:11:32,365 - Progress: 5400 / 8084
2026-06-03 13:11:49,378 - Failed on None: 'NoneType' object has no attribute 'read'
2026-06-03 13:11:49,379 - Failed on None: 'NoneType' object has no attribute 'read'
2026-06-03 13:11:49,379 - Failed on None: 'NoneType' object has no attribute 'read'
2026-06-03 13:11:49,379 - Failed on None: 'NoneType' object has no attribute 'read'
2026-06-03 13:11:49,379 - Failed on None: 'NoneType' object has no attribute 'read'
2026-06-03 13:11:49,379 - Failed on None: 'NoneType' object has no attribute 'read'
2026-06-03 13:11:49,379 - Failed on None: 'NoneType' object has no attribute 'read'
2026-06-03 13:11:49,379 - Failed on None: 'NoneType' object has no attribute 'read'
2026-06-03 13:11:49,379 - Failed on None: 'NoneType' object has no attribute 'read'
2026-06-03 13:11:49,379 - Failed on None: 'NoneType' object has no attribute 'read'
2026-06-03 13:11:49,379 - Failed on None: 'NoneType' object has no attribute 'read'
2026-06-03 13:11:49,379 - Failed on None: 'NoneType' object has no attribute 'read'
2026-06-03 13:11:49,379 - Failed on None: 'NoneType' object has no attribute 'read'
2026-06-03 13:11:49,379 - Failed on None: 'NoneType' object has no attribute 'read'
2026-06-03 13:11:49,379 - Failed on None: 'NoneType' object has no attribute 'read'
2026-06-03 13:11:49,379 - Failed on None: 'NoneType' object has no attribute 'read'
2026-06-03 13:11:49,379 - Failed on None: 'NoneType' object has no attribute 'read'
2026-06-03 13:11:49,379 - Failed on None: 'NoneType' object has no attribute 'read'
2026-06-03 13:11:50,106 - Failed on None: 'NoneType' object has no attribute 'read'
2026-06-03 13:11:50,834 - Failed on None: 'NoneType' object has no attribute 'read'
2026-06-03 13:11:53,739 - Failed on None: 'NoneType' object has no attribute 'read'
2026-06-03 13:11:53,739 - Failed on None: 'NoneType' object has no attribute 'read'
2026-06-03 13:11:53,739 - Failed on None: 'NoneType' object has no attribute 'read'
2026-06-03 13:11:53,739 - Failed on None: 'NoneType' object has no attribute 'read'
2026-06-03 13:11:53,739 - Failed on None: 'NoneType' object has no attribute 'read'
2026-06-03 13:11:53,739 - Failed on None: 'NoneType' object has no attribute 'read'
2026-06-03 13:11:53,739 - Failed on None: 'NoneType' object has no attribute 'read'
2026-06-03 13:11:53,739 - Failed on None: 'NoneType' object has no attribute 'read'
2026-06-03 13:11:53,739 - Failed on None: 'NoneType' object has no attribute 'read'
2026-06-03 13:11:53,739 - Failed on None: 'NoneType' object has no attribute 'read'
2026-06-03 13:11:53,739 - Failed on None: 'NoneType' object has no attribute 'read'
2026-06-03 13:11:53,739 - Failed on None: 'NoneType' object has no attribute 'read'
2026-06-03 13:11:53,739 - Failed on None: 'NoneType' object has no attribute 'read'
2026-06-03 13:11:53,739 - Failed on None: 'NoneType' object has no attribute 'read'
2026-06-03 13:11:53,739 - Failed on None: 'NoneType' object has no attribute 'read'
2026-06-03 13:11:53,739 - Failed on None: 'NoneType' object has no attribute 'read'
2026-06-03 13:11:53,739 - Failed on None: 'NoneType' object has no attribute 'read'
2026-06-03 13:11:53,739 - Failed on None: 'NoneType' object has no attribute 'read'
2026-06-03 13:11:53,739 - Failed on None: 'NoneType' object has no attribute 'read'
2026-06-03 13:11:53,739 - Failed on None: 'NoneType' object has no attribute 'read'
2026-06-03 13:11:53,739 - Failed on None: 'NoneType' object has no attribute 'read'
2026-06-03 13:11:53,739 - Failed on None: 'NoneType' object has no attribute 'read'
2026-06-03 13:11:53,739 - Failed on None: 'NoneType' object has no attribute 'read'
2026-06-03 13:11:53,739 - Failed on None: 'NoneType' object has no attribute 'read'
2026-06-03 13:11:53,739 - Failed on None: 'NoneType' object has no attribute 'read'
2026-06-03 13:11:53,739 - Failed on None: 'NoneType' object has no attribute 'read'
2026-06-03 13:11:53,739 - Failed on None: 'NoneType' object has no attribute 'read'
2026-06-03 13:11:53,739 - Failed on None: 'NoneType' object has no attribute 'read'
2026-06-03 13:11:53,739 - Failed on None: 'NoneType' object has no attribute 'read'
2026-06-03 13:11:53,739 - Failed on None: 'NoneType' object has no attribute 'read'
2026-06-03 13:11:53,739 - Failed on None: 'NoneType' object has no attribute 'read'
2026-06-03 13:11:53,739 - Failed on None: 'NoneType' object has no attribute 'read'
2026-06-03 13:11:53,739 - Failed on None: 'NoneType' object has no attribute 'read'
2026-06-03 13:11:53,740 - Failed on None: 'NoneType' object has no attribute 'read'
2026-06-03 13:11:53,740 - Failed on None: 'NoneType' object has no attribute 'read'
2026-06-03 13:11:53,740 - Failed on None: 'NoneType' object has no attribute 'read'
2026-06-03 13:11:53,740 - Failed on None: 'NoneType' object has no attribute 'read'
2026-06-03 13:11:53,740 - Failed on None: 'NoneType' object has no attribute 'read'
2026-06-03 13:11:53,740 - Failed on None: 'NoneType' object has no attribute 'read'
2026-06-03 13:11:53,740 - Failed on None: 'NoneType' object has no attribute 'read'
2026-06-03 13:11:53,740 - Failed on None: 'NoneType' object has no attribute 'read'
2026-06-03 13:11:53,740 - Failed on None: 'NoneType' object has no attribute 'read'
2026-06-03 13:11:53,740 - Failed on None: 'NoneType' object has no attribute 'read'
2026-06-03 13:11:53,740 - Failed on None: 'NoneType' object has no attribute 'read'
2026-06-03 13:11:53,740 - Failed on None: 'NoneType' object has no attribute 'read'
2026-06-03 13:11:53,740 - Failed on None: 'NoneType' object has no attribute 'read'
2026-06-03 13:11:53,740 - Failed on None: 'NoneType' object has no attribute 'read'
2026-06-03 13:11:53,740 - Failed on None: 'NoneType' object has no attribute 'read'
2026-06-03 13:11:53,740 - Failed on None: 'NoneType' object has no attribute 'read'
2026-06-03 13:11:53,740 - Failed on None: 'NoneType' object has no attribute 'read'
2026-06-03 13:11:53,740 - Failed on None: 'NoneType' object has no attribute 'read'
2026-06-03 13:11:53,740 - Progress: 5500 / 8084
2026-06-03 13:11:53,740 - Failed on None: 'NoneType' object has no attribute 'read'
2026-06-03 13:11:53,740 - Failed on None: 'NoneType' object has no attribute 'read'
2026-06-03 13:11:53,740 - Failed on None: 'NoneType' object has no attribute 'read'
2026-06-03 13:11:53,740 - Failed on None: 'NoneType' object has no attribute 'read'
2026-06-03 13:11:53,740 - Failed on None: 'NoneType' object has no attribute 'read'
2026-06-03 13:11:53,740 - Failed on None: 'NoneType' object has no attribute 'read'
2026-06-03 13:11:53,740 - Failed on None: 'NoneType' object has no attribute 'read'
2026-06-03 13:11:53,740 - Failed on None: 'NoneType' object has no attribute 'read'
2026-06-03 13:11:53,740 - Failed on None: 'NoneType' object has no attribute 'read'
2026-06-03 13:11:53,740 - Failed on None: 'NoneType' object has no attribute 'read'
2026-06-03 13:11:53,740 - Failed on None: 'NoneType' object has no attribute 'read'
2026-06-03 13:11:53,740 - Failed on None: 'NoneType' object has no attribute 'read'
2026-06-03 13:11:53,740 - Failed on None: 'NoneType' object has no attribute 'read'
2026-06-03 13:11:53,740 - Failed on None: 'NoneType' object has no attribute 'read'
2026-06-03 13:11:53,740 - Failed on None: 'NoneType' object has no attribute 'read'
2026-06-03 13:11:53,740 - Failed on None: 'NoneType' object has no attribute 'read'
2026-06-03 13:11:53,740 - Failed on None: 'NoneType' object has no attribute 'read'
2026-06-03 13:11:53,740 - Failed on None: 'NoneType' object has no attribute 'read'
2026-06-03 13:11:53,740 - Failed on None: 'NoneType' object has no attribute 'read'
2026-06-03 13:11:53,740 - Failed on None: 'NoneType' object has no attribute 'read'
2026-06-03 13:11:53,740 - Failed on None: 'NoneType' object has no attribute 'read'
2026-06-03 13:11:53,740 - Failed on None: 'NoneType' object has no attribute 'read'
2026-06-03 13:11:53,740 - Failed on None: 'NoneType' object has no attribute 'read'
2026-06-03 13:11:53,740 - Failed on None: 'NoneType' object has no attribute 'read'
2026-06-03 13:11:53,740 - Failed on None: 'NoneType' object has no attribute 'read'
2026-06-03 13:11:53,740 - Failed on None: 'NoneType' object has no attribute 'read'
2026-06-03 13:11:53,740 - Failed on None: 'NoneType' object has no attribute 'read'
2026-06-03 13:11:53,740 - Failed on None: 'NoneType' object has no attribute 'read'
2026-06-03 13:11:53,740 - Failed on None: 'NoneType' object has no attribute 'read'
2026-06-03 13:11:53,740 - Failed on None: 'NoneType' object has no attribute 'read'
2026-06-03 13:11:53,740 - Failed on None: 'NoneType' object has no attribute 'read'
2026-06-03 13:11:53,740 - Failed on None: 'NoneType' object has no attribute 'read'
2026-06-03 13:11:53,740 - Failed on None: 'NoneType' object has no attribute 'read'
2026-06-03 13:11:53,740 - Failed on None: 'NoneType' object has no attribute 'read'
2026-06-03 13:11:53,740 - Failed on None: 'NoneType' object has no attribute 'read'
2026-06-03 13:11:53,740 - Failed on None: 'NoneType' object has no attribute 'read'
2026-06-03 13:11:53,740 - Failed on None: 'NoneType' object has no attribute 'read'
2026-06-03 13:11:53,740 - Failed on None: 'NoneType' object has no attribute 'read'
2026-06-03 13:11:53,740 - Failed on None: 'NoneType' object has no attribute 'read'
2026-06-03 13:11:53,740 - Failed on None: 'NoneType' object has no attribute 'read'
2026-06-03 13:11:53,740 - Failed on None: 'NoneType' object has no attribute 'read'
2026-06-03 13:11:53,741 - Failed on None: 'NoneType' object has no attribute 'read'
2026-06-03 13:11:53,741 - Failed on None: 'NoneType' object has no attribute 'read'
2026-06-03 13:11:53,741 - Failed on None: 'NoneType' object has no attribute 'read'
2026-06-03 13:11:53,741 - Failed on None: 'NoneType' object has no attribute 'read'
2026-06-03 13:11:53,741 - Failed on None: 'NoneType' object has no attribute 'read'
2026-06-03 13:11:53,741 - Failed on None: 'NoneType' object has no attribute 'read'
2026-06-03 13:11:53,741 - Failed on None: 'NoneType' object has no attribute 'read'
2026-06-03 13:11:53,741 - Failed on None: 'NoneType' object has no attribute 'read'
2026-06-03 13:11:53,741 - Failed on None: 'NoneType' object has no attribute 'read'
2026-06-03 13:11:53,741 - Failed on None: 'NoneType' object has no attribute 'read'
2026-06-03 13:11:53,741 - Failed on None: 'NoneType' object has no attribute 'read'
2026-06-03 13:11:53,741 - Failed on None: 'NoneType' object has no attribute 'read'
2026-06-03 13:11:53,741 - Failed on None: 'NoneType' object has no attribute 'read'
2026-06-03 13:11:53,741 - Failed on None: 'NoneType' object has no attribute 'read'
2026-06-03 13:11:53,741 - Failed on None: 'NoneType' object has no attribute 'read'
2026-06-03 13:11:53,741 - Failed on None: 'NoneType' object has no attribute 'read'
2026-06-03 13:11:53,741 - Failed on None: 'NoneType' object has no attribute 'read'
2026-06-03 13:11:53,741 - Failed on None: 'NoneType' object has no attribute 'read'
2026-06-03 13:11:53,741 - Failed on None: 'NoneType' object has no attribute 'read'
2026-06-03 13:11:53,741 - Failed on None: 'NoneType' object has no attribute 'read'
2026-06-03 13:11:53,741 - Failed on None: 'NoneType' object has no attribute 'read'
2026-06-03 13:11:53,741 - Failed on None: 'NoneType' object has no attribute 'read'
2026-06-03 13:11:53,741 - Failed on None: 'NoneType' object has no attribute 'read'
2026-06-03 13:11:53,741 - Failed on None: 'NoneType' object has no attribute 'read'
2026-06-03 13:11:53,741 - Failed on None: 'NoneType' object has no attribute 'read'
2026-06-03 13:11:53,741 - Failed on None: 'NoneType' object has no attribute 'read'
2026-06-03 13:11:53,741 - Failed on None: 'NoneType' object has no attribute 'read'
2026-06-03 13:11:53,741 - Failed on None: 'NoneType' object has no attribute 'read'
2026-06-03 13:11:53,741 - Failed on None: 'NoneType' object has no attribute 'read'
2026-06-03 13:11:56,023 - Failed on None: 'NoneType' object has no attribute 'read'
2026-06-03 13:11:56,023 - Failed on None: 'NoneType' object has no attribute 'read'
2026-06-03 13:11:56,023 - Failed on None: 'NoneType' object has no attribute 'read'
2026-06-03 13:11:56,023 - Failed on None: 'NoneType' object has no attribute 'read'
2026-06-03 13:11:56,023 - Failed on None: 'NoneType' object has no attribute 'read'
2026-06-03 13:11:56,023 - Failed on None: 'NoneType' object has no attribute 'read'
2026-06-03 13:11:56,023 - Failed on None: 'NoneType' object has no attribute 'read'
2026-06-03 13:11:56,023 - Failed on None: 'NoneType' object has no attribute 'read'
2026-06-03 13:11:56,023 - Failed on None: 'NoneType' object has no attribute 'read'
2026-06-03 13:11:56,023 - Failed on None: 'NoneType' object has no attribute 'read'
2026-06-03 13:11:56,023 - Failed on None: 'NoneType' object has no attribute 'read'
2026-06-03 13:11:56,023 - Failed on None: 'NoneType' object has no attribute 'read'
2026-06-03 13:11:56,023 - Failed on None: 'NoneType' object has no attribute 'read'
2026-06-03 13:11:56,023 - Failed on None: 'NoneType' object has no attribute 'read'
2026-06-03 13:11:56,023 - Failed on None: 'NoneType' object has no attribute 'read'
2026-06-03 13:11:56,023 - Failed on None: 'NoneType' object has no attribute 'read'
2026-06-03 13:11:56,023 - Failed on None: 'NoneType' object has no attribute 'read'
2026-06-03 13:11:56,023 - Failed on None: 'NoneType' object has no attribute 'read'
2026-06-03 13:11:56,023 - Failed on None: 'NoneType' object has no attribute 'read'
2026-06-03 13:11:56,023 - Failed on None: 'NoneType' object has no attribute 'read'
2026-06-03 13:11:56,023 - Failed on None: 'NoneType' object has no attribute 'read'
2026-06-03 13:11:56,023 - Failed on None: 'NoneType' object has no attribute 'read'
2026-06-03 13:11:58,914 - Progress: 5600 / 8084
2026-06-03 13:12:06,290 - Failed on None: 'NoneType' object has no attribute 'read'
2026-06-03 13:12:06,291 - Failed on None: 'NoneType' object has no attribute 'read'
2026-06-03 13:12:06,291 - Failed on None: 'NoneType' object has no attribute 'read'
2026-06-03 13:12:06,291 - Failed on None: 'NoneType' object has no attribute 'read'
2026-06-03 13:12:06,291 - Failed on None: 'NoneType' object has no attribute 'read'
2026-06-03 13:12:06,291 - Failed on None: 'NoneType' object has no attribute 'read'
2026-06-03 13:12:06,291 - Failed on None: 'NoneType' object has no attribute 'read'
2026-06-03 13:12:06,291 - Failed on None: 'NoneType' object has no attribute 'read'
2026-06-03 13:12:06,291 - Failed on None: 'NoneType' object has no attribute 'read'
2026-06-03 13:12:06,291 - Failed on None: 'NoneType' object has no attribute 'read'
2026-06-03 13:12:06,291 - Failed on None: 'NoneType' object has no attribute 'read'
2026-06-03 13:12:07,003 - Failed on None: 'NoneType' object has no attribute 'read'
2026-06-03 13:12:07,003 - Failed on None: 'NoneType' object has no attribute 'read'
2026-06-03 13:12:07,003 - Failed on None: 'NoneType' object has no attribute 'read'
2026-06-03 13:12:07,003 - Failed on None: 'NoneType' object has no attribute 'read'
2026-06-03 13:12:07,003 - Failed on None: 'NoneType' object has no attribute 'read'
2026-06-03 13:12:07,003 - Failed on None: 'NoneType' object has no attribute 'read'
2026-06-03 13:12:07,003 - Failed on None: 'NoneType' object has no attribute 'read'
2026-06-03 13:12:07,003 - Failed on None: 'NoneType' object has no attribute 'read'
2026-06-03 13:12:07,003 - Failed on None: 'NoneType' object has no attribute 'read'
2026-06-03 13:12:07,003 - Failed on None: 'NoneType' object has no attribute 'read'
2026-06-03 13:12:07,003 - Failed on None: 'NoneType' object has no attribute 'read'
2026-06-03 13:12:07,003 - Failed on None: 'NoneType' object has no attribute 'read'
2026-06-03 13:12:07,003 - Failed on None: 'NoneType' object has no attribute 'read'
2026-06-03 13:12:08,453 - Failed on None: 'NoneType' object has no attribute 'read'
2026-06-03 13:12:11,327 - Failed on None: 'NoneType' object has no attribute 'read'
2026-06-03 13:12:12,813 - Failed on None: 'NoneType' object has no attribute 'read'
2026-06-03 13:12:12,814 - Failed on None: 'NoneType' object has no attribute 'read'
2026-06-03 13:12:12,814 - Failed on None: 'NoneType' object has no attribute 'read'
2026-06-03 13:12:12,814 - Failed on None: 'NoneType' object has no attribute 'read'
2026-06-03 13:12:12,814 - Failed on None: 'NoneType' object has no attribute 'read'
2026-06-03 13:12:12,814 - Failed on None: 'NoneType' object has no attribute 'read'
2026-06-03 13:12:12,814 - Failed on None: 'NoneType' object has no attribute 'read'
2026-06-03 13:12:12,814 - Failed on None: 'NoneType' object has no attribute 'read'
2026-06-03 13:12:12,814 - Failed on None: 'NoneType' object has no attribute 'read'
2026-06-03 13:12:12,814 - Failed on None: 'NoneType' object has no attribute 'read'
2026-06-03 13:12:12,814 - Failed on None: 'NoneType' object has no attribute 'read'
2026-06-03 13:12:12,814 - Failed on None: 'NoneType' object has no attribute 'read'
2026-06-03 13:12:12,814 - Failed on None: 'NoneType' object has no attribute 'read'
2026-06-03 13:12:12,814 - Failed on None: 'NoneType' object has no attribute 'read'
2026-06-03 13:12:12,814 - Failed on None: 'NoneType' object has no attribute 'read'
2026-06-03 13:12:12,814 - Failed on None: 'NoneType' object has no attribute 'read'
2026-06-03 13:12:12,814 - Failed on None: 'NoneType' object has no attribute 'read'
2026-06-03 13:12:12,814 - Failed on None: 'NoneType' object has no attribute 'read'
2026-06-03 13:12:12,814 - Failed on None: 'NoneType' object has no attribute 'read'
2026-06-03 13:12:12,814 - Failed on None: 'NoneType' object has no attribute 'read'
2026-06-03 13:12:12,814 - Failed on None: 'NoneType' object has no attribute 'read'
2026-06-03 13:12:12,814 - Failed on None: 'NoneType' object has no attribute 'read'
2026-06-03 13:12:12,814 - Failed on None: 'NoneType' object has no attribute 'read'
2026-06-03 13:12:12,814 - Failed on None: 'NoneType' object has no attribute 'read'
2026-06-03 13:12:12,814 - Failed on None: 'NoneType' object has no attribute 'read'
2026-06-03 13:12:12,814 - Failed on None: 'NoneType' object has no attribute 'read'
2026-06-03 13:12:12,814 - Failed on None: 'NoneType' object has no attribute 'read'
2026-06-03 13:12:12,814 - Failed on None: 'NoneType' object has no attribute 'read'
2026-06-03 13:12:12,814 - Failed on None: 'NoneType' object has no attribute 'read'
2026-06-03 13:12:12,814 - Failed on None: 'NoneType' object has no attribute 'read'
2026-06-03 13:12:12,814 - Failed on None: 'NoneType' object has no attribute 'read'
2026-06-03 13:12:12,814 - Failed on None: 'NoneType' object has no attribute 'read'
2026-06-03 13:12:12,814 - Failed on None: 'NoneType' object has no attribute 'read'
2026-06-03 13:12:12,814 - Failed on None: 'NoneType' object has no attribute 'read'
2026-06-03 13:12:12,814 - Failed on None: 'NoneType' object has no attribute 'read'
2026-06-03 13:12:12,814 - Failed on None: 'NoneType' object has no attribute 'read'
2026-06-03 13:12:12,814 - Failed on None: 'NoneType' object has no attribute 'read'
2026-06-03 13:12:12,814 - Failed on None: 'NoneType' object has no attribute 'read'
2026-06-03 13:12:12,814 - Failed on None: 'NoneType' object has no attribute 'read'
2026-06-03 13:12:12,814 - Failed on None: 'NoneType' object has no attribute 'read'
2026-06-03 13:12:12,814 - Failed on None: 'NoneType' object has no attribute 'read'
2026-06-03 13:12:12,814 - Failed on None: 'NoneType' object has no attribute 'read'
2026-06-03 13:12:12,814 - Failed on None: 'NoneType' object has no attribute 'read'
2026-06-03 13:12:12,814 - Failed on None: 'NoneType' object has no attribute 'read'
2026-06-03 13:12:12,814 - Failed on None: 'NoneType' object has no attribute 'read'
2026-06-03 13:12:12,814 - Failed on None: 'NoneType' object has no attribute 'read'
2026-06-03 13:12:12,814 - Failed on None: 'NoneType' object has no attribute 'read'
2026-06-03 13:12:12,814 - Failed on None: 'NoneType' object has no attribute 'read'
2026-06-03 13:12:12,814 - Failed on None: 'NoneType' object has no attribute 'read'
2026-06-03 13:12:12,814 - Failed on None: 'NoneType' object has no attribute 'read'
2026-06-03 13:12:12,814 - Failed on None: 'NoneType' object has no attribute 'read'
2026-06-03 13:12:12,814 - Failed on None: 'NoneType' object has no attribute 'read'
2026-06-03 13:12:12,814 - Failed on None: 'NoneType' object has no attribute 'read'
2026-06-03 13:12:12,815 - Failed on None: 'NoneType' object has no attribute 'read'
2026-06-03 13:12:12,815 - Failed on None: 'NoneType' object has no attribute 'read'
2026-06-03 13:12:12,815 - Progress: 5700 / 8084
2026-06-03 13:12:12,815 - Failed on None: 'NoneType' object has no attribute 'read'
2026-06-03 13:12:12,815 - Failed on None: 'NoneType' object has no attribute 'read'
2026-06-03 13:12:12,815 - Failed on None: 'NoneType' object has no attribute 'read'
2026-06-03 13:12:12,815 - Failed on None: 'NoneType' object has no attribute 'read'
2026-06-03 13:12:12,815 - Failed on None: 'NoneType' object has no attribute 'read'
2026-06-03 13:12:12,815 - Failed on None: 'NoneType' object has no attribute 'read'
2026-06-03 13:12:12,815 - Failed on None: 'NoneType' object has no attribute 'read'
2026-06-03 13:12:12,815 - Failed on None: 'NoneType' object has no attribute 'read'
2026-06-03 13:12:12,815 - Failed on None: 'NoneType' object has no attribute 'read'
2026-06-03 13:12:12,815 - Failed on None: 'NoneType' object has no attribute 'read'
2026-06-03 13:12:12,815 - Failed on None: 'NoneType' object has no attribute 'read'
2026-06-03 13:12:12,815 - Failed on None: 'NoneType' object has no attribute 'read'
2026-06-03 13:12:12,815 - Failed on None: 'NoneType' object has no attribute 'read'
2026-06-03 13:12:12,815 - Failed on None: 'NoneType' object has no attribute 'read'
2026-06-03 13:12:12,815 - Failed on None: 'NoneType' object has no attribute 'read'
2026-06-03 13:12:12,815 - Failed on None: 'NoneType' object has no attribute 'read'
2026-06-03 13:12:12,815 - Failed on None: 'NoneType' object has no attribute 'read'
2026-06-03 13:12:12,815 - Failed on None: 'NoneType' object has no attribute 'read'
2026-06-03 13:12:12,815 - Failed on None: 'NoneType' object has no attribute 'read'
2026-06-03 13:12:12,815 - Failed on None: 'NoneType' object has no attribute 'read'
2026-06-03 13:12:12,815 - Failed on None: 'NoneType' object has no attribute 'read'
2026-06-03 13:12:12,815 - Failed on None: 'NoneType' object has no attribute 'read'
2026-06-03 13:12:12,815 - Failed on None: 'NoneType' object has no attribute 'read'
2026-06-03 13:12:12,815 - Failed on None: 'NoneType' object has no attribute 'read'
2026-06-03 13:12:12,815 - Failed on None: 'NoneType' object has no attribute 'read'
2026-06-03 13:12:13,538 - Failed on None: 'NoneType' object has no attribute 'read'
2026-06-03 13:12:13,538 - Failed on None: 'NoneType' object has no attribute 'read'
2026-06-03 13:12:13,538 - Failed on None: 'NoneType' object has no attribute 'read'
2026-06-03 13:12:13,538 - Failed on None: 'NoneType' object has no attribute 'read'
2026-06-03 13:12:13,538 - Failed on None: 'NoneType' object has no attribute 'read'
2026-06-03 13:12:13,538 - Failed on None: 'NoneType' object has no attribute 'read'
2026-06-03 13:12:13,538 - Failed on None: 'NoneType' object has no attribute 'read'
2026-06-03 13:12:13,538 - Failed on None: 'NoneType' object has no attribute 'read'
2026-06-03 13:12:13,538 - Failed on None: 'NoneType' object has no attribute 'read'
2026-06-03 13:12:14,278 - Failed on None: 'NoneType' object has no attribute 'read'
2026-06-03 13:12:14,279 - Failed on None: 'NoneType' object has no attribute 'read'
2026-06-03 13:12:14,279 - Failed on None: 'NoneType' object has no attribute 'read'
2026-06-03 13:12:14,279 - Failed on None: 'NoneType' object has no attribute 'read'
2026-06-03 13:12:14,279 - Failed on None: 'NoneType' object has no attribute 'read'
2026-06-03 13:12:14,279 - Failed on None: 'NoneType' object has no attribute 'read'
2026-06-03 13:12:14,279 - Failed on None: 'NoneType' object has no attribute 'read'
2026-06-03 13:12:14,279 - Failed on None: 'NoneType' object has no attribute 'read'
2026-06-03 13:12:14,279 - Failed on None: 'NoneType' object has no attribute 'read'
2026-06-03 13:12:14,279 - Failed on None: 'NoneType' object has no attribute 'read'
2026-06-03 13:12:14,279 - Failed on None: 'NoneType' object has no attribute 'read'
2026-06-03 13:12:14,279 - Failed on None: 'NoneType' object has no attribute 'read'
2026-06-03 13:12:14,279 - Failed on None: 'NoneType' object has no attribute 'read'
2026-06-03 13:12:14,279 - Failed on None: 'NoneType' object has no attribute 'read'
2026-06-03 13:12:14,279 - Failed on None: 'NoneType' object has no attribute 'read'
2026-06-03 13:12:14,279 - Failed on None: 'NoneType' object has no attribute 'read'
2026-06-03 13:12:14,279 - Failed on None: 'NoneType' object has no attribute 'read'
2026-06-03 13:12:14,279 - Failed on None: 'NoneType' object has no attribute 'read'
2026-06-03 13:12:14,279 - Failed on None: 'NoneType' object has no attribute 'read'
2026-06-03 13:12:14,279 - Failed on None: 'NoneType' object has no attribute 'read'
2026-06-03 13:12:14,279 - Failed on None: 'NoneType' object has no attribute 'read'
2026-06-03 13:12:14,279 - Failed on None: 'NoneType' object has no attribute 'read'
2026-06-03 13:12:14,279 - Failed on None: 'NoneType' object has no attribute 'read'
2026-06-03 13:12:14,279 - Failed on None: 'NoneType' object has no attribute 'read'
2026-06-03 13:12:14,279 - Failed on None: 'NoneType' object has no attribute 'read'
2026-06-03 13:12:14,279 - Failed on None: 'NoneType' object has no attribute 'read'
2026-06-03 13:12:14,279 - Failed on None: 'NoneType' object has no attribute 'read'
2026-06-03 13:12:14,279 - Failed on None: 'NoneType' object has no attribute 'read'
2026-06-03 13:12:14,279 - Failed on None: 'NoneType' object has no attribute 'read'
2026-06-03 13:12:14,279 - Failed on None: 'NoneType' object has no attribute 'read'
2026-06-03 13:12:14,279 - Failed on None: 'NoneType' object has no attribute 'read'
2026-06-03 13:12:14,279 - Failed on None: 'NoneType' object has no attribute 'read'
2026-06-03 13:12:14,279 - Failed on None: 'NoneType' object has no attribute 'read'
2026-06-03 13:12:14,279 - Failed on None: 'NoneType' object has no attribute 'read'
2026-06-03 13:12:14,279 - Failed on None: 'NoneType' object has no attribute 'read'
2026-06-03 13:12:14,279 - Failed on None: 'NoneType' object has no attribute 'read'
2026-06-03 13:12:14,279 - Failed on None: 'NoneType' object has no attribute 'read'
2026-06-03 13:12:14,279 - Failed on None: 'NoneType' object has no attribute 'read'
2026-06-03 13:12:14,279 - Failed on None: 'NoneType' object has no attribute 'read'
2026-06-03 13:12:14,279 - Failed on None: 'NoneType' object has no attribute 'read'
2026-06-03 13:12:14,279 - Failed on None: 'NoneType' object has no attribute 'read'
2026-06-03 13:12:14,279 - Failed on None: 'NoneType' object has no attribute 'read'
2026-06-03 13:12:14,279 - Failed on None: 'NoneType' object has no attribute 'read'
2026-06-03 13:12:14,279 - Failed on None: 'NoneType' object has no attribute 'read'
2026-06-03 13:12:14,279 - Failed on None: 'NoneType' object has no attribute 'read'
2026-06-03 13:12:14,279 - Failed on None: 'NoneType' object has no attribute 'read'
2026-06-03 13:12:14,279 - Failed on None: 'NoneType' object has no attribute 'read'
2026-06-03 13:12:14,279 - Failed on None: 'NoneType' object has no attribute 'read'
2026-06-03 13:12:14,279 - Failed on None: 'NoneType' object has no attribute 'read'
2026-06-03 13:12:14,279 - Failed on None: 'NoneType' object has no attribute 'read'
2026-06-03 13:12:14,279 - Failed on None: 'NoneType' object has no attribute 'read'
2026-06-03 13:12:14,280 - Failed on None: 'NoneType' object has no attribute 'read'
2026-06-03 13:12:14,280 - Failed on None: 'NoneType' object has no attribute 'read'
2026-06-03 13:12:14,280 - Failed on None: 'NoneType' object has no attribute 'read'
2026-06-03 13:12:14,280 - Failed on None: 'NoneType' object has no attribute 'read'
2026-06-03 13:12:14,280 - Failed on None: 'NoneType' object has no attribute 'read'
2026-06-03 13:12:14,280 - Failed on None: 'NoneType' object has no attribute 'read'
2026-06-03 13:12:14,280 - Failed on None: 'NoneType' object has no attribute 'read'
2026-06-03 13:12:14,280 - Failed on None: 'NoneType' object has no attribute 'read'
2026-06-03 13:12:14,280 - Failed on None: 'NoneType' object has no attribute 'read'
2026-06-03 13:12:14,280 - Failed on None: 'NoneType' object has no attribute 'read'
2026-06-03 13:12:14,280 - Failed on None: 'NoneType' object has no attribute 'read'
2026-06-03 13:12:14,280 - Failed on None: 'NoneType' object has no attribute 'read'
2026-06-03 13:12:14,280 - Failed on None: 'NoneType' object has no attribute 'read'
2026-06-03 13:12:14,280 - Progress: 5800 / 8084
2026-06-03 13:12:14,280 - Failed on None: 'NoneType' object has no attribute 'read'
2026-06-03 13:12:14,280 - Failed on None: 'NoneType' object has no attribute 'read'
2026-06-03 13:12:14,280 - Failed on None: 'NoneType' object has no attribute 'read'
2026-06-03 13:12:14,280 - Failed on None: 'NoneType' object has no attribute 'read'
2026-06-03 13:12:14,280 - Failed on None: 'NoneType' object has no attribute 'read'
2026-06-03 13:12:14,280 - Failed on None: 'NoneType' object has no attribute 'read'
2026-06-03 13:12:14,280 - Failed on None: 'NoneType' object has no attribute 'read'
2026-06-03 13:12:14,280 - Failed on None: 'NoneType' object has no attribute 'read'
2026-06-03 13:12:14,280 - Failed on None: 'NoneType' object has no attribute 'read'
2026-06-03 13:12:14,280 - Failed on None: 'NoneType' object has no attribute 'read'
2026-06-03 13:12:14,280 - Failed on None: 'NoneType' object has no attribute 'read'
2026-06-03 13:12:14,280 - Failed on None: 'NoneType' object has no attribute 'read'
2026-06-03 13:12:14,280 - Failed on None: 'NoneType' object has no attribute 'read'
2026-06-03 13:12:14,280 - Failed on None: 'NoneType' object has no attribute 'read'
2026-06-03 13:12:14,280 - Failed on None: 'NoneType' object has no attribute 'read'
2026-06-03 13:12:14,280 - Failed on None: 'NoneType' object has no attribute 'read'
2026-06-03 13:12:14,280 - Failed on None: 'NoneType' object has no attribute 'read'
2026-06-03 13:12:14,280 - Failed on None: 'NoneType' object has no attribute 'read'
2026-06-03 13:12:14,280 - Failed on None: 'NoneType' object has no attribute 'read'
2026-06-03 13:12:14,280 - Failed on None: 'NoneType' object has no attribute 'read'
2026-06-03 13:12:14,280 - Failed on None: 'NoneType' object has no attribute 'read'
2026-06-03 13:12:14,280 - Failed on None: 'NoneType' object has no attribute 'read'
2026-06-03 13:12:14,280 - Failed on None: 'NoneType' object has no attribute 'read'
2026-06-03 13:12:14,280 - Failed on None: 'NoneType' object has no attribute 'read'
2026-06-03 13:12:14,280 - Failed on None: 'NoneType' object has no attribute 'read'
2026-06-03 13:12:14,280 - Failed on None: 'NoneType' object has no attribute 'read'
2026-06-03 13:12:14,280 - Failed on None: 'NoneType' object has no attribute 'read'
2026-06-03 13:12:14,280 - Failed on None: 'NoneType' object has no attribute 'read'
2026-06-03 13:12:14,280 - Failed on None: 'NoneType' object has no attribute 'read'
2026-06-03 13:12:14,280 - Failed on None: 'NoneType' object has no attribute 'read'
2026-06-03 13:12:14,280 - Failed on None: 'NoneType' object has no attribute 'read'
2026-06-03 13:12:14,280 - Failed on None: 'NoneType' object has no attribute 'read'
2026-06-03 13:12:14,280 - Failed on None: 'NoneType' object has no attribute 'read'
2026-06-03 13:12:14,280 - Failed on None: 'NoneType' object has no attribute 'read'
2026-06-03 13:12:14,280 - Failed on None: 'NoneType' object has no attribute 'read'
2026-06-03 13:12:14,280 - Failed on None: 'NoneType' object has no attribute 'read'
2026-06-03 13:12:14,280 - Failed on None: 'NoneType' object has no attribute 'read'
2026-06-03 13:12:14,280 - Failed on None: 'NoneType' object has no attribute 'read'
2026-06-03 13:12:14,280 - Failed on None: 'NoneType' object has no attribute 'read'
2026-06-03 13:12:14,280 - Failed on None: 'NoneType' object has no attribute 'read'
2026-06-03 13:12:14,280 - Failed on None: 'NoneType' object has no attribute 'read'
2026-06-03 13:12:14,280 - Failed on None: 'NoneType' object has no attribute 'read'
2026-06-03 13:12:14,280 - Failed on None: 'NoneType' object has no attribute 'read'
2026-06-03 13:12:14,280 - Failed on None: 'NoneType' object has no attribute 'read'
2026-06-03 13:12:14,280 - Failed on None: 'NoneType' object has no attribute 'read'
2026-06-03 13:12:14,281 - Failed on None: 'NoneType' object has no attribute 'read'
2026-06-03 13:12:14,281 - Failed on None: 'NoneType' object has no attribute 'read'
2026-06-03 13:12:14,281 - Failed on None: 'NoneType' object has no attribute 'read'
2026-06-03 13:12:14,281 - Failed on None: 'NoneType' object has no attribute 'read'
2026-06-03 13:12:14,281 - Failed on None: 'NoneType' object has no attribute 'read'
2026-06-03 13:12:14,281 - Failed on None: 'NoneType' object has no attribute 'read'
2026-06-03 13:12:14,281 - Failed on None: 'NoneType' object has no attribute 'read'
2026-06-03 13:12:14,281 - Failed on None: 'NoneType' object has no attribute 'read'
2026-06-03 13:12:14,281 - Failed on None: 'NoneType' object has no attribute 'read'
2026-06-03 13:12:14,281 - Failed on None: 'NoneType' object has no attribute 'read'
2026-06-03 13:12:14,281 - Failed on None: 'NoneType' object has no attribute 'read'
2026-06-03 13:12:14,281 - Failed on None: 'NoneType' object has no attribute 'read'
2026-06-03 13:12:14,281 - Failed on None: 'NoneType' object has no attribute 'read'
2026-06-03 13:12:14,281 - Failed on None: 'NoneType' object has no attribute 'read'
2026-06-03 13:12:14,281 - Failed on None: 'NoneType' object has no attribute 'read'
2026-06-03 13:12:14,281 - Failed on None: 'NoneType' object has no attribute 'read'
2026-06-03 13:12:14,281 - Failed on None: 'NoneType' object has no attribute 'read'
2026-06-03 13:12:14,281 - Failed on None: 'NoneType' object has no attribute 'read'
2026-06-03 13:12:14,281 - Failed on None: 'NoneType' object has no attribute 'read'
2026-06-03 13:12:14,281 - Failed on None: 'NoneType' object has no attribute 'read'
2026-06-03 13:12:14,281 - Failed on None: 'NoneType' object has no attribute 'read'
2026-06-03 13:12:14,281 - Failed on None: 'NoneType' object has no attribute 'read'
2026-06-03 13:12:14,281 - Failed on None: 'NoneType' object has no attribute 'read'
2026-06-03 13:12:14,281 - Failed on None: 'NoneType' object has no attribute 'read'
2026-06-03 13:12:14,281 - Failed on None: 'NoneType' object has no attribute 'read'
2026-06-03 13:12:14,281 - Failed on None: 'NoneType' object has no attribute 'read'
2026-06-03 13:12:14,281 - Failed on None: 'NoneType' object has no attribute 'read'
2026-06-03 13:12:14,281 - Failed on None: 'NoneType' object has no attribute 'read'
2026-06-03 13:12:14,281 - Failed on None: 'NoneType' object has no attribute 'read'
2026-06-03 13:12:14,281 - Failed on None: 'NoneType' object has no attribute 'read'
2026-06-03 13:12:14,281 - Failed on None: 'NoneType' object has no attribute 'read'
2026-06-03 13:12:14,281 - Failed on None: 'NoneType' object has no attribute 'read'
2026-06-03 13:12:14,281 - Failed on None: 'NoneType' object has no attribute 'read'
2026-06-03 13:12:14,281 - Failed on None: 'NoneType' object has no attribute 'read'
2026-06-03 13:12:14,281 - Failed on None: 'NoneType' object has no attribute 'read'
2026-06-03 13:12:14,281 - Failed on None: 'NoneType' object has no attribute 'read'
2026-06-03 13:12:14,281 - Failed on None: 'NoneType' object has no attribute 'read'
2026-06-03 13:12:14,281 - Failed on None: 'NoneType' object has no attribute 'read'
2026-06-03 13:12:14,281 - Failed on None: 'NoneType' object has no attribute 'read'
2026-06-03 13:12:14,281 - Failed on None: 'NoneType' object has no attribute 'read'
2026-06-03 13:12:14,281 - Failed on None: 'NoneType' object has no attribute 'read'
2026-06-03 13:12:14,281 - Failed on None: 'NoneType' object has no attribute 'read'
2026-06-03 13:12:14,281 - Failed on None: 'NoneType' object has no attribute 'read'
2026-06-03 13:12:14,281 - Failed on None: 'NoneType' object has no attribute 'read'
2026-06-03 13:12:14,281 - Failed on None: 'NoneType' object has no attribute 'read'
2026-06-03 13:12:14,281 - Failed on None: 'NoneType' object has no attribute 'read'
2026-06-03 13:12:14,281 - Failed on None: 'NoneType' object has no attribute 'read'
2026-06-03 13:12:14,281 - Failed on None: 'NoneType' object has no attribute 'read'
2026-06-03 13:12:14,281 - Failed on None: 'NoneType' object has no attribute 'read'
2026-06-03 13:12:14,281 - Failed on None: 'NoneType' object has no attribute 'read'
2026-06-03 13:12:14,281 - Failed on None: 'NoneType' object has no attribute 'read'
2026-06-03 13:12:14,281 - Failed on None: 'NoneType' object has no attribute 'read'
2026-06-03 13:12:14,281 - Failed on None: 'NoneType' object has no attribute 'read'
2026-06-03 13:12:14,281 - Failed on None: 'NoneType' object has no attribute 'read'
2026-06-03 13:12:14,281 - Failed on None: 'NoneType' object has no attribute 'read'
2026-06-03 13:12:14,281 - Progress: 5900 / 8084
2026-06-03 13:12:14,281 - Failed on None: 'NoneType' object has no attribute 'read'
2026-06-03 13:12:14,282 - Failed on None: 'NoneType' object has no attribute 'read'
2026-06-03 13:12:14,282 - Failed on None: 'NoneType' object has no attribute 'read'
2026-06-03 13:12:15,002 - Failed on None: 'NoneType' object has no attribute 'read'
2026-06-03 13:12:15,002 - Failed on None: 'NoneType' object has no attribute 'read'
2026-06-03 13:12:15,002 - Failed on None: 'NoneType' object has no attribute 'read'
2026-06-03 13:12:15,002 - Failed on None: 'NoneType' object has no attribute 'read'
2026-06-03 13:12:15,002 - Failed on None: 'NoneType' object has no attribute 'read'
2026-06-03 13:12:15,002 - Failed on None: 'NoneType' object has no attribute 'read'
2026-06-03 13:12:15,002 - Failed on None: 'NoneType' object has no attribute 'read'
2026-06-03 13:12:15,002 - Failed on None: 'NoneType' object has no attribute 'read'
2026-06-03 13:12:15,002 - Failed on None: 'NoneType' object has no attribute 'read'
2026-06-03 13:12:15,002 - Failed on None: 'NoneType' object has no attribute 'read'
2026-06-03 13:12:15,002 - Failed on None: 'NoneType' object has no attribute 'read'
2026-06-03 13:12:15,002 - Failed on None: 'NoneType' object has no attribute 'read'
2026-06-03 13:12:15,002 - Failed on None: 'NoneType' object has no attribute 'read'
2026-06-03 13:12:15,002 - Failed on None: 'NoneType' object has no attribute 'read'
2026-06-03 13:12:15,002 - Failed on None: 'NoneType' object has no attribute 'read'
2026-06-03 13:12:15,002 - Failed on None: 'NoneType' object has no attribute 'read'
2026-06-03 13:12:15,002 - Failed on None: 'NoneType' object has no attribute 'read'
2026-06-03 13:12:15,002 - Failed on None: 'NoneType' object has no attribute 'read'
2026-06-03 13:12:15,002 - Failed on None: 'NoneType' object has no attribute 'read'
2026-06-03 13:12:15,002 - Failed on None: 'NoneType' object has no attribute 'read'
2026-06-03 13:12:15,002 - Failed on None: 'NoneType' object has no attribute 'read'
2026-06-03 13:12:15,002 - Failed on None: 'NoneType' object has no attribute 'read'
2026-06-03 13:12:15,002 - Failed on None: 'NoneType' object has no attribute 'read'
2026-06-03 13:12:15,002 - Failed on None: 'NoneType' object has no attribute 'read'
2026-06-03 13:12:15,002 - Failed on None: 'NoneType' object has no attribute 'read'
2026-06-03 13:12:15,002 - Failed on None: 'NoneType' object has no attribute 'read'
2026-06-03 13:12:17,147 - Failed on None: 'NoneType' object has no attribute 'read'
2026-06-03 13:12:17,147 - Failed on None: 'NoneType' object has no attribute 'read'
2026-06-03 13:12:17,147 - Failed on None: 'NoneType' object has no attribute 'read'
2026-06-03 13:12:17,147 - Failed on None: 'NoneType' object has no attribute 'read'
2026-06-03 13:12:17,147 - Failed on None: 'NoneType' object has no attribute 'read'
2026-06-03 13:12:17,147 - Failed on None: 'NoneType' object has no attribute 'read'
2026-06-03 13:12:17,147 - Failed on None: 'NoneType' object has no attribute 'read'
2026-06-03 13:12:17,147 - Failed on None: 'NoneType' object has no attribute 'read'
2026-06-03 13:12:17,147 - Failed on None: 'NoneType' object has no attribute 'read'
2026-06-03 13:12:17,147 - Failed on None: 'NoneType' object has no attribute 'read'
2026-06-03 13:12:17,147 - Failed on None: 'NoneType' object has no attribute 'read'
2026-06-03 13:12:17,868 - Failed on None: 'NoneType' object has no attribute 'read'
2026-06-03 13:12:17,868 - Failed on None: 'NoneType' object has no attribute 'read'
2026-06-03 13:12:17,868 - Failed on None: 'NoneType' object has no attribute 'read'
2026-06-03 13:12:17,868 - Failed on None: 'NoneType' object has no attribute 'read'
2026-06-03 13:12:17,868 - Failed on None: 'NoneType' object has no attribute 'read'
2026-06-03 13:12:17,868 - Failed on None: 'NoneType' object has no attribute 'read'
2026-06-03 13:12:17,868 - Failed on None: 'NoneType' object has no attribute 'read'
2026-06-03 13:12:17,868 - Failed on None: 'NoneType' object has no attribute 'read'
2026-06-03 13:12:17,868 - Failed on None: 'NoneType' object has no attribute 'read'
2026-06-03 13:12:17,868 - Failed on None: 'NoneType' object has no attribute 'read'
2026-06-03 13:12:17,868 - Failed on None: 'NoneType' object has no attribute 'read'
2026-06-03 13:12:17,868 - Failed on None: 'NoneType' object has no attribute 'read'
2026-06-03 13:12:17,868 - Failed on None: 'NoneType' object has no attribute 'read'
2026-06-03 13:12:17,868 - Failed on None: 'NoneType' object has no attribute 'read'
2026-06-03 13:12:17,868 - Failed on None: 'NoneType' object has no attribute 'read'
2026-06-03 13:12:17,868 - Failed on None: 'NoneType' object has no attribute 'read'
2026-06-03 13:12:17,869 - Failed on None: 'NoneType' object has no attribute 'read'
2026-06-03 13:12:19,275 - Failed on None: 'NoneType' object has no attribute 'read'
2026-06-03 13:12:19,275 - Failed on None: 'NoneType' object has no attribute 'read'
2026-06-03 13:12:19,275 - Failed on None: 'NoneType' object has no attribute 'read'
2026-06-03 13:12:19,275 - Failed on None: 'NoneType' object has no attribute 'read'
2026-06-03 13:12:19,275 - Failed on None: 'NoneType' object has no attribute 'read'
2026-06-03 13:12:19,275 - Failed on None: 'NoneType' object has no attribute 'read'
2026-06-03 13:12:19,275 - Failed on None: 'NoneType' object has no attribute 'read'
2026-06-03 13:12:19,275 - Failed on None: 'NoneType' object has no attribute 'read'
2026-06-03 13:12:19,275 - Failed on None: 'NoneType' object has no attribute 'read'
2026-06-03 13:12:19,275 - Failed on None: 'NoneType' object has no attribute 'read'
2026-06-03 13:12:19,275 - Failed on None: 'NoneType' object has no attribute 'read'
2026-06-03 13:12:19,275 - Failed on None: 'NoneType' object has no attribute 'read'
2026-06-03 13:12:19,275 - Failed on None: 'NoneType' object has no attribute 'read'
2026-06-03 13:12:19,275 - Failed on None: 'NoneType' object has no attribute 'read'
2026-06-03 13:12:19,275 - Failed on None: 'NoneType' object has no attribute 'read'
2026-06-03 13:12:19,275 - Failed on None: 'NoneType' object has no attribute 'read'
2026-06-03 13:12:19,275 - Failed on None: 'NoneType' object has no attribute 'read'
2026-06-03 13:12:19,275 - Failed on None: 'NoneType' object has no attribute 'read'
2026-06-03 13:12:19,275 - Failed on None: 'NoneType' object has no attribute 'read'
2026-06-03 13:12:19,275 - Failed on None: 'NoneType' object has no attribute 'read'
2026-06-03 13:12:19,275 - Failed on None: 'NoneType' object has no attribute 'read'
2026-06-03 13:12:19,958 - Failed on None: 'NoneType' object has no attribute 'read'
2026-06-03 13:12:19,958 - Failed on None: 'NoneType' object has no attribute 'read'
2026-06-03 13:12:19,958 - Failed on None: 'NoneType' object has no attribute 'read'
2026-06-03 13:12:19,958 - Failed on None: 'NoneType' object has no attribute 'read'
2026-06-03 13:12:19,958 - Failed on None: 'NoneType' object has no attribute 'read'
2026-06-03 13:12:19,958 - Failed on None: 'NoneType' object has no attribute 'read'
2026-06-03 13:12:19,958 - Failed on None: 'NoneType' object has no attribute 'read'
2026-06-03 13:12:19,958 - Failed on None: 'NoneType' object has no attribute 'read'
2026-06-03 13:12:19,958 - Failed on None: 'NoneType' object has no attribute 'read'
2026-06-03 13:12:19,958 - Failed on None: 'NoneType' object has no attribute 'read'
2026-06-03 13:12:19,958 - Failed on None: 'NoneType' object has no attribute 'read'
2026-06-03 13:12:19,958 - Failed on None: 'NoneType' object has no attribute 'read'
2026-06-03 13:12:19,958 - Failed on None: 'NoneType' object has no attribute 'read'
2026-06-03 13:12:19,958 - Failed on None: 'NoneType' object has no attribute 'read'
2026-06-03 13:12:19,958 - Progress: 6000 / 8084
2026-06-03 13:12:19,958 - Failed on None: 'NoneType' object has no attribute 'read'
2026-06-03 13:12:19,958 - Failed on None: 'NoneType' object has no attribute 'read'
2026-06-03 13:12:19,958 - Failed on None: 'NoneType' object has no attribute 'read'
2026-06-03 13:12:19,958 - Failed on None: 'NoneType' object has no attribute 'read'
2026-06-03 13:12:19,958 - Failed on None: 'NoneType' object has no attribute 'read'
2026-06-03 13:12:19,958 - Failed on None: 'NoneType' object has no attribute 'read'
2026-06-03 13:12:19,958 - Failed on None: 'NoneType' object has no attribute 'read'
2026-06-03 13:12:19,958 - Failed on None: 'NoneType' object has no attribute 'read'
2026-06-03 13:12:19,958 - Failed on None: 'NoneType' object has no attribute 'read'
2026-06-03 13:12:19,958 - Failed on None: 'NoneType' object has no attribute 'read'
2026-06-03 13:12:19,958 - Failed on None: 'NoneType' object has no attribute 'read'
2026-06-03 13:12:19,958 - Failed on None: 'NoneType' object has no attribute 'read'
2026-06-03 13:12:19,958 - Failed on None: 'NoneType' object has no attribute 'read'
2026-06-03 13:12:19,958 - Failed on None: 'NoneType' object has no attribute 'read'
2026-06-03 13:12:19,959 - Failed on None: 'NoneType' object has no attribute 'read'
2026-06-03 13:12:19,959 - Failed on None: 'NoneType' object has no attribute 'read'
2026-06-03 13:12:19,959 - Failed on None: 'NoneType' object has no attribute 'read'
2026-06-03 13:12:22,899 - Failed on None: 'NoneType' object has no attribute 'read'
2026-06-03 13:12:25,125 - Failed on None: 'NoneType' object has no attribute 'read'
2026-06-03 13:12:25,125 - Failed on None: 'NoneType' object has no attribute 'read'
2026-06-03 13:12:25,125 - Failed on None: 'NoneType' object has no attribute 'read'
2026-06-03 13:12:25,125 - Failed on None: 'NoneType' object has no attribute 'read'
2026-06-03 13:12:25,125 - Failed on None: 'NoneType' object has no attribute 'read'
2026-06-03 13:12:29,572 - Failed on None: 'NoneType' object has no attribute 'read'
2026-06-03 13:12:29,572 - Failed on None: 'NoneType' object has no attribute 'read'
2026-06-03 13:12:29,572 - Failed on None: 'NoneType' object has no attribute 'read'
2026-06-03 13:12:29,572 - Failed on None: 'NoneType' object has no attribute 'read'
2026-06-03 13:12:29,572 - Failed on None: 'NoneType' object has no attribute 'read'
2026-06-03 13:12:29,572 - Failed on None: 'NoneType' object has no attribute 'read'
2026-06-03 13:12:29,572 - Failed on None: 'NoneType' object has no attribute 'read'
2026-06-03 13:12:29,572 - Failed on None: 'NoneType' object has no attribute 'read'
2026-06-03 13:12:29,572 - Failed on None: 'NoneType' object has no attribute 'read'
2026-06-03 13:12:29,572 - Failed on None: 'NoneType' object has no attribute 'read'
2026-06-03 13:12:29,572 - Failed on None: 'NoneType' object has no attribute 'read'
2026-06-03 13:12:29,572 - Failed on None: 'NoneType' object has no attribute 'read'
2026-06-03 13:12:29,572 - Failed on None: 'NoneType' object has no attribute 'read'
2026-06-03 13:12:29,572 - Failed on None: 'NoneType' object has no attribute 'read'
2026-06-03 13:12:29,572 - Failed on None: 'NoneType' object has no attribute 'read'
2026-06-03 13:12:29,572 - Failed on None: 'NoneType' object has no attribute 'read'
2026-06-03 13:12:29,572 - Failed on None: 'NoneType' object has no attribute 'read'
2026-06-03 13:12:29,572 - Failed on None: 'NoneType' object has no attribute 'read'
2026-06-03 13:12:29,572 - Failed on None: 'NoneType' object has no attribute 'read'
2026-06-03 13:12:29,572 - Failed on None: 'NoneType' object has no attribute 'read'
2026-06-03 13:12:29,572 - Failed on None: 'NoneType' object has no attribute 'read'
2026-06-03 13:12:29,572 - Failed on None: 'NoneType' object has no attribute 'read'
2026-06-03 13:12:29,572 - Failed on None: 'NoneType' object has no attribute 'read'
2026-06-03 13:12:29,572 - Failed on None: 'NoneType' object has no attribute 'read'
2026-06-03 13:12:29,572 - Failed on None: 'NoneType' object has no attribute 'read'
2026-06-03 13:12:29,572 - Failed on None: 'NoneType' object has no attribute 'read'
2026-06-03 13:12:29,572 - Failed on None: 'NoneType' object has no attribute 'read'
2026-06-03 13:12:29,572 - Failed on None: 'NoneType' object has no attribute 'read'
2026-06-03 13:12:29,572 - Failed on None: 'NoneType' object has no attribute 'read'
2026-06-03 13:12:29,572 - Failed on None: 'NoneType' object has no attribute 'read'
2026-06-03 13:12:29,572 - Failed on None: 'NoneType' object has no attribute 'read'
2026-06-03 13:12:29,572 - Failed on None: 'NoneType' object has no attribute 'read'
2026-06-03 13:12:29,572 - Failed on None: 'NoneType' object has no attribute 'read'
2026-06-03 13:12:29,572 - Failed on None: 'NoneType' object has no attribute 'read'
2026-06-03 13:12:29,572 - Failed on None: 'NoneType' object has no attribute 'read'
2026-06-03 13:12:29,572 - Failed on None: 'NoneType' object has no attribute 'read'
2026-06-03 13:12:29,572 - Failed on None: 'NoneType' object has no attribute 'read'
2026-06-03 13:12:29,572 - Failed on None: 'NoneType' object has no attribute 'read'
2026-06-03 13:12:29,572 - Failed on None: 'NoneType' object has no attribute 'read'
2026-06-03 13:12:29,572 - Failed on None: 'NoneType' object has no attribute 'read'
2026-06-03 13:12:29,572 - Failed on None: 'NoneType' object has no attribute 'read'
2026-06-03 13:12:29,572 - Failed on None: 'NoneType' object has no attribute 'read'
2026-06-03 13:12:29,572 - Failed on None: 'NoneType' object has no attribute 'read'
2026-06-03 13:12:31,680 - Failed on None: 'NoneType' object has no attribute 'read'
2026-06-03 13:12:31,681 - Failed on None: 'NoneType' object has no attribute 'read'
2026-06-03 13:12:31,681 - Failed on None: 'NoneType' object has no attribute 'read'
2026-06-03 13:12:31,681 - Failed on None: 'NoneType' object has no attribute 'read'
2026-06-03 13:12:31,681 - Failed on None: 'NoneType' object has no attribute 'read'
2026-06-03 13:12:31,681 - Failed on None: 'NoneType' object has no attribute 'read'
2026-06-03 13:12:31,681 - Failed on None: 'NoneType' object has no attribute 'read'
2026-06-03 13:12:33,109 - Failed on None: 'NoneType' object has no attribute 'read'
2026-06-03 13:12:37,392 - Failed on None: 'NoneType' object has no attribute 'read'
2026-06-03 13:12:37,392 - Failed on None: 'NoneType' object has no attribute 'read'
2026-06-03 13:12:37,392 - Progress: 6100 / 8084
2026-06-03 13:12:37,392 - Failed on None: 'NoneType' object has no attribute 'read'
2026-06-03 13:12:37,392 - Failed on None: 'NoneType' object has no attribute 'read'
2026-06-03 13:12:37,392 - Failed on None: 'NoneType' object has no attribute 'read'
2026-06-03 13:12:37,392 - Failed on None: 'NoneType' object has no attribute 'read'
2026-06-03 13:12:37,392 - Failed on None: 'NoneType' object has no attribute 'read'
2026-06-03 13:12:37,392 - Failed on None: 'NoneType' object has no attribute 'read'
2026-06-03 13:12:37,392 - Failed on None: 'NoneType' object has no attribute 'read'
2026-06-03 13:12:37,392 - Failed on None: 'NoneType' object has no attribute 'read'
2026-06-03 13:12:37,392 - Failed on None: 'NoneType' object has no attribute 'read'
2026-06-03 13:12:37,392 - Failed on None: 'NoneType' object has no attribute 'read'
2026-06-03 13:12:37,392 - Failed on None: 'NoneType' object has no attribute 'read'
2026-06-03 13:12:37,392 - Failed on None: 'NoneType' object has no attribute 'read'
2026-06-03 13:12:37,392 - Failed on None: 'NoneType' object has no attribute 'read'
2026-06-03 13:12:37,392 - Failed on None: 'NoneType' object has no attribute 'read'
2026-06-03 13:12:37,392 - Failed on None: 'NoneType' object has no attribute 'read'
2026-06-03 13:12:37,392 - Failed on None: 'NoneType' object has no attribute 'read'
2026-06-03 13:12:37,392 - Failed on None: 'NoneType' object has no attribute 'read'
2026-06-03 13:12:37,392 - Failed on None: 'NoneType' object has no attribute 'read'
2026-06-03 13:12:37,392 - Failed on None: 'NoneType' object has no attribute 'read'
2026-06-03 13:12:37,392 - Failed on None: 'NoneType' object has no attribute 'read'
2026-06-03 13:12:37,392 - Failed on None: 'NoneType' object has no attribute 'read'
2026-06-03 13:12:37,392 - Failed on None: 'NoneType' object has no attribute 'read'
2026-06-03 13:12:37,392 - Failed on None: 'NoneType' object has no attribute 'read'
2026-06-03 13:12:37,392 - Failed on None: 'NoneType' object has no attribute 'read'
2026-06-03 13:12:37,392 - Failed on None: 'NoneType' object has no attribute 'read'
2026-06-03 13:12:37,392 - Failed on None: 'NoneType' object has no attribute 'read'
2026-06-03 13:12:37,392 - Failed on None: 'NoneType' object has no attribute 'read'
2026-06-03 13:12:37,392 - Failed on None: 'NoneType' object has no attribute 'read'
2026-06-03 13:12:37,392 - Failed on None: 'NoneType' object has no attribute 'read'
2026-06-03 13:12:37,392 - Failed on None: 'NoneType' object has no attribute 'read'
2026-06-03 13:12:37,392 - Failed on None: 'NoneType' object has no attribute 'read'
2026-06-03 13:12:37,392 - Failed on None: 'NoneType' object has no attribute 'read'
2026-06-03 13:12:37,392 - Failed on None: 'NoneType' object has no attribute 'read'
2026-06-03 13:12:37,392 - Failed on None: 'NoneType' object has no attribute 'read'
2026-06-03 13:12:37,392 - Failed on None: 'NoneType' object has no attribute 'read'
2026-06-03 13:12:37,392 - Failed on None: 'NoneType' object has no attribute 'read'
2026-06-03 13:12:37,392 - Failed on None: 'NoneType' object has no attribute 'read'
2026-06-03 13:12:37,392 - Failed on None: 'NoneType' object has no attribute 'read'
2026-06-03 13:12:37,392 - Failed on None: 'NoneType' object has no attribute 'read'
2026-06-03 13:12:37,392 - Failed on None: 'NoneType' object has no attribute 'read'
2026-06-03 13:12:37,392 - Failed on None: 'NoneType' object has no attribute 'read'
2026-06-03 13:12:37,392 - Failed on None: 'NoneType' object has no attribute 'read'
2026-06-03 13:12:37,393 - Failed on None: 'NoneType' object has no attribute 'read'
2026-06-03 13:12:37,393 - Failed on None: 'NoneType' object has no attribute 'read'
2026-06-03 13:12:37,393 - Failed on None: 'NoneType' object has no attribute 'read'
2026-06-03 13:12:37,393 - Failed on None: 'NoneType' object has no attribute 'read'
2026-06-03 13:12:37,393 - Failed on None: 'NoneType' object has no attribute 'read'
2026-06-03 13:12:37,393 - Failed on None: 'NoneType' object has no attribute 'read'
2026-06-03 13:12:37,393 - Failed on None: 'NoneType' object has no attribute 'read'
2026-06-03 13:12:37,393 - Failed on None: 'NoneType' object has no attribute 'read'
2026-06-03 13:12:37,393 - Failed on None: 'NoneType' object has no attribute 'read'
2026-06-03 13:12:37,393 - Failed on None: 'NoneType' object has no attribute 'read'
2026-06-03 13:12:37,393 - Failed on None: 'NoneType' object has no attribute 'read'
2026-06-03 13:12:37,393 - Failed on None: 'NoneType' object has no attribute 'read'
2026-06-03 13:12:37,393 - Failed on None: 'NoneType' object has no attribute 'read'
2026-06-03 13:12:37,393 - Failed on None: 'NoneType' object has no attribute 'read'
2026-06-03 13:12:37,393 - Failed on None: 'NoneType' object has no attribute 'read'
2026-06-03 13:12:37,393 - Failed on None: 'NoneType' object has no attribute 'read'
2026-06-03 13:12:37,393 - Failed on None: 'NoneType' object has no attribute 'read'
2026-06-03 13:12:37,393 - Failed on None: 'NoneType' object has no attribute 'read'
2026-06-03 13:12:37,393 - Failed on None: 'NoneType' object has no attribute 'read'
2026-06-03 13:12:37,393 - Failed on None: 'NoneType' object has no attribute 'read'
2026-06-03 13:12:37,393 - Failed on None: 'NoneType' object has no attribute 'read'
2026-06-03 13:12:37,393 - Failed on None: 'NoneType' object has no attribute 'read'
2026-06-03 13:12:37,393 - Failed on None: 'NoneType' object has no attribute 'read'
2026-06-03 13:12:37,393 - Failed on None: 'NoneType' object has no attribute 'read'
2026-06-03 13:12:37,393 - Failed on None: 'NoneType' object has no attribute 'read'
2026-06-03 13:12:38,094 - Failed on None: 'NoneType' object has no attribute 'read'
2026-06-03 13:12:38,094 - Failed on None: 'NoneType' object has no attribute 'read'
2026-06-03 13:12:43,048 - Failed on None: 'NoneType' object has no attribute 'read'
2026-06-03 13:12:43,742 - Failed on None: 'NoneType' object has no attribute 'read'
2026-06-03 13:12:46,685 - Failed on None: 'NoneType' object has no attribute 'read'
2026-06-03 13:12:46,685 - Failed on None: 'NoneType' object has no attribute 'read'
2026-06-03 13:12:48,099 - Failed on None: 'NoneType' object has no attribute 'read'
2026-06-03 13:12:48,099 - Failed on None: 'NoneType' object has no attribute 'read'
2026-06-03 13:12:48,099 - Failed on None: 'NoneType' object has no attribute 'read'
2026-06-03 13:12:48,099 - Failed on None: 'NoneType' object has no attribute 'read'
2026-06-03 13:12:48,099 - Failed on None: 'NoneType' object has no attribute 'read'
2026-06-03 13:12:48,099 - Failed on None: 'NoneType' object has no attribute 'read'
2026-06-03 13:12:48,099 - Failed on None: 'NoneType' object has no attribute 'read'
2026-06-03 13:12:48,099 - Failed on None: 'NoneType' object has no attribute 'read'
2026-06-03 13:12:48,099 - Failed on None: 'NoneType' object has no attribute 'read'
2026-06-03 13:12:48,099 - Failed on None: 'NoneType' object has no attribute 'read'
2026-06-03 13:12:48,099 - Failed on None: 'NoneType' object has no attribute 'read'
2026-06-03 13:12:48,099 - Failed on None: 'NoneType' object has no attribute 'read'
2026-06-03 13:12:48,099 - Progress: 6200 / 8084
2026-06-03 13:12:48,099 - Failed on None: 'NoneType' object has no attribute 'read'
2026-06-03 13:12:48,099 - Failed on None: 'NoneType' object has no attribute 'read'
2026-06-03 13:12:48,099 - Failed on None: 'NoneType' object has no attribute 'read'
2026-06-03 13:12:48,099 - Failed on None: 'NoneType' object has no attribute 'read'
2026-06-03 13:12:48,789 - Failed on None: 'NoneType' object has no attribute 'read'
2026-06-03 13:12:48,789 - Failed on None: 'NoneType' object has no attribute 'read'
2026-06-03 13:12:48,789 - Failed on None: 'NoneType' object has no attribute 'read'
2026-06-03 13:12:48,789 - Failed on None: 'NoneType' object has no attribute 'read'
2026-06-03 13:12:48,789 - Failed on None: 'NoneType' object has no attribute 'read'
2026-06-03 13:12:48,789 - Failed on None: 'NoneType' object has no attribute 'read'
2026-06-03 13:12:48,789 - Failed on None: 'NoneType' object has no attribute 'read'
2026-06-03 13:12:48,789 - Failed on None: 'NoneType' object has no attribute 'read'
2026-06-03 13:12:48,789 - Failed on None: 'NoneType' object has no attribute 'read'
2026-06-03 13:12:48,789 - Failed on None: 'NoneType' object has no attribute 'read'
2026-06-03 13:12:48,789 - Failed on None: 'NoneType' object has no attribute 'read'
2026-06-03 13:12:48,789 - Failed on None: 'NoneType' object has no attribute 'read'
2026-06-03 13:12:51,671 - Failed on None: 'NoneType' object has no attribute 'read'
2026-06-03 13:12:52,415 - Failed on None: 'NoneType' object has no attribute 'read'
2026-06-03 13:13:46,575 - Progress: 6300 / 8084
2026-06-03 13:14:58,855 - Progress: 6400 / 8084
2026-06-03 13:15:26,271 - Failed on /Users/zachloo/Pictures/Photos Library.photoslibrary/originals/E/ED9B98D3-C05C-49D9-9F77-16152923485D.heic: cannot identify image file '/Users/zachloo/Pictures/Photos Library.photoslibrary/originals/E/ED9B98D3-C05C-49D9-9F77-16152923485D.heic'
2026-06-03 13:15:26,272 - Failed on /Users/zachloo/Pictures/Photos Library.photoslibrary/originals/B/B14631D8-5F57-4B0A-8F54-E790DAF571A8.heic: cannot identify image file '/Users/zachloo/Pictures/Photos Library.photoslibrary/originals/B/B14631D8-5F57-4B0A-8F54-E790DAF571A8.heic'
2026-06-03 13:15:26,273 - Failed on /Users/zachloo/Pictures/Photos Library.photoslibrary/originals/3/3A5BB1B5-1A70-403A-93C5-2BD0E122337A.heic: cannot identify image file '/Users/zachloo/Pictures/Photos Library.photoslibrary/originals/3/3A5BB1B5-1A70-403A-93C5-2BD0E122337A.heic'
2026-06-03 13:15:26,273 - Failed on /Users/zachloo/Pictures/Photos Library.photoslibrary/originals/0/096DD1B9-B07E-4322-92E5-3096BC560213.heic: cannot identify image file '/Users/zachloo/Pictures/Photos Library.photoslibrary/originals/0/096DD1B9-B07E-4322-92E5-3096BC560213.heic'
2026-06-03 13:15:30,572 - Failed on /Users/zachloo/Pictures/Photos Library.photoslibrary/originals/2/23BDC582-A956-49A5-8723-ABEDC33737D0.heic: cannot identify image file '/Users/zachloo/Pictures/Photos Library.photoslibrary/originals/2/23BDC582-A956-49A5-8723-ABEDC33737D0.heic'
2026-06-03 13:15:32,745 - Failed on None: 'NoneType' object has no attribute 'read'
2026-06-03 13:15:45,902 - Failed on None: 'NoneType' object has no attribute 'read'
2026-06-03 13:15:45,903 - Failed on None: 'NoneType' object has no attribute 'read'
2026-06-03 13:15:45,903 - Failed on /Users/zachloo/Pictures/Photos Library.photoslibrary/originals/3/308E6BD8-80FB-417B-BD53-75D888338BDD.heic: cannot identify image file '/Users/zachloo/Pictures/Photos Library.photoslibrary/originals/3/308E6BD8-80FB-417B-BD53-75D888338BDD.heic'
2026-06-03 13:16:02,724 - Failed on /Users/zachloo/Pictures/Photos Library.photoslibrary/originals/D/D5092D48-DAFE-4D06-8339-B1F1AA1B3441.heic: cannot identify image file '/Users/zachloo/Pictures/Photos Library.photoslibrary/originals/D/D5092D48-DAFE-4D06-8339-B1F1AA1B3441.heic'
2026-06-03 13:16:02,725 - Failed on /Users/zachloo/Pictures/Photos Library.photoslibrary/originals/2/2198814F-6A36-4BB4-9AC0-DC84E7B90E74.heic: cannot identify image file '/Users/zachloo/Pictures/Photos Library.photoslibrary/originals/2/2198814F-6A36-4BB4-9AC0-DC84E7B90E74.heic'
2026-06-03 13:16:02,725 - Failed on /Users/zachloo/Pictures/Photos Library.photoslibrary/originals/2/212452AC-887D-4ECB-9F3A-5D6811639EBA.heic: cannot identify image file '/Users/zachloo/Pictures/Photos Library.photoslibrary/originals/2/212452AC-887D-4ECB-9F3A-5D6811639EBA.heic'
2026-06-03 13:16:02,726 - Progress: 6500 / 8084
2026-06-03 13:16:10,780 - Failed on /Users/zachloo/Pictures/Photos Library.photoslibrary/originals/B/B7202DD7-141D-4E7C-8F0C-F1339CEFB7BF.heic: cannot identify image file '/Users/zachloo/Pictures/Photos Library.photoslibrary/originals/B/B7202DD7-141D-4E7C-8F0C-F1339CEFB7BF.heic'
2026-06-03 13:16:10,780 - Failed on /Users/zachloo/Pictures/Photos Library.photoslibrary/originals/A/A37B4100-2BE0-4D48-BF27-3FBC599FE86D.heic: cannot identify image file '/Users/zachloo/Pictures/Photos Library.photoslibrary/originals/A/A37B4100-2BE0-4D48-BF27-3FBC599FE86D.heic'
2026-06-03 13:16:10,781 - Failed on /Users/zachloo/Pictures/Photos Library.photoslibrary/originals/A/AA80F51C-F882-48DD-A738-6662BEA46E0E.heic: cannot identify image file '/Users/zachloo/Pictures/Photos Library.photoslibrary/originals/A/AA80F51C-F882-48DD-A738-6662BEA46E0E.heic'
2026-06-03 13:16:10,781 - Failed on /Users/zachloo/Pictures/Photos Library.photoslibrary/originals/3/3DE05E09-A910-45E4-BE8B-276EBD2F2AC3.heic: cannot identify image file '/Users/zachloo/Pictures/Photos Library.photoslibrary/originals/3/3DE05E09-A910-45E4-BE8B-276EBD2F2AC3.heic'
2026-06-03 13:16:10,782 - Failed on /Users/zachloo/Pictures/Photos Library.photoslibrary/originals/E/EF2AB561-4C83-4D00-AF22-BE9E73DD0D78.heic: cannot identify image file '/Users/zachloo/Pictures/Photos Library.photoslibrary/originals/E/EF2AB561-4C83-4D00-AF22-BE9E73DD0D78.heic'
2026-06-03 13:16:28,007 - Failed on /Users/zachloo/Pictures/Photos Library.photoslibrary/originals/3/3F656785-0336-491E-AB77-149C7A6D18ED.heic: cannot identify image file '/Users/zachloo/Pictures/Photos Library.photoslibrary/originals/3/3F656785-0336-491E-AB77-149C7A6D18ED.heic'
2026-06-03 13:16:28,007 - Failed on /Users/zachloo/Pictures/Photos Library.photoslibrary/originals/1/16085210-856A-4163-B59B-3BDFCBF6895E.heic: cannot identify image file '/Users/zachloo/Pictures/Photos Library.photoslibrary/originals/1/16085210-856A-4163-B59B-3BDFCBF6895E.heic'
2026-06-03 13:16:28,008 - Failed on /Users/zachloo/Pictures/Photos Library.photoslibrary/originals/F/F7865643-A9CA-4AAE-8045-72C7D4B25006.heic: cannot identify image file '/Users/zachloo/Pictures/Photos Library.photoslibrary/originals/F/F7865643-A9CA-4AAE-8045-72C7D4B25006.heic'
2026-06-03 13:16:28,008 - Failed on /Users/zachloo/Pictures/Photos Library.photoslibrary/originals/E/EB06C67E-734E-4534-A0CF-A52F7410C14D.heic: cannot identify image file '/Users/zachloo/Pictures/Photos Library.photoslibrary/originals/E/EB06C67E-734E-4534-A0CF-A52F7410C14D.heic'
2026-06-03 13:16:50,065 - Failed on None: 'NoneType' object has no attribute 'read'
2026-06-03 13:16:50,065 - Failed on None: 'NoneType' object has no attribute 'read'
2026-06-03 13:16:50,065 - Failed on None: 'NoneType' object has no attribute 'read'
2026-06-03 13:16:50,065 - Failed on None: 'NoneType' object has no attribute 'read'
2026-06-03 13:16:50,065 - Failed on None: 'NoneType' object has no attribute 'read'
2026-06-03 13:16:51,531 - Failed on None: 'NoneType' object has no attribute 'read'
2026-06-03 13:16:51,531 - Failed on None: 'NoneType' object has no attribute 'read'
2026-06-03 13:16:51,531 - Failed on None: 'NoneType' object has no attribute 'read'
2026-06-03 13:16:52,264 - Failed on None: 'NoneType' object has no attribute 'read'
2026-06-03 13:16:55,191 - Failed on None: 'NoneType' object has no attribute 'read'
2026-06-03 13:17:00,972 - Progress: 6600 / 8084
2026-06-03 13:17:11,224 - Failed on None: 'NoneType' object has no attribute 'read'
2026-06-03 13:17:17,967 - Failed on None: 'NoneType' object has no attribute 'read'
2026-06-03 13:17:17,968 - Failed on None: 'NoneType' object has no attribute 'read'
2026-06-03 13:17:17,968 - Failed on None: 'NoneType' object has no attribute 'read'
2026-06-03 13:17:27,424 - Failed on /Users/zachloo/Pictures/Photos Library.photoslibrary/originals/C/CC1C9A0C-FBF1-457A-A6E8-B2BA984D9D94.heic: cannot identify image file '/Users/zachloo/Pictures/Photos Library.photoslibrary/originals/C/CC1C9A0C-FBF1-457A-A6E8-B2BA984D9D94.heic'
2026-06-03 13:17:27,424 - Failed on None: 'NoneType' object has no attribute 'read'
2026-06-03 13:17:27,425 - Failed on /Users/zachloo/Pictures/Photos Library.photoslibrary/originals/A/AC544F9B-4990-4EB5-92F4-1D7AD2459CBA.heic: cannot identify image file '/Users/zachloo/Pictures/Photos Library.photoslibrary/originals/A/AC544F9B-4990-4EB5-92F4-1D7AD2459CBA.heic'
2026-06-03 13:17:27,425 - Failed on /Users/zachloo/Pictures/Photos Library.photoslibrary/originals/9/9C1C4079-3B21-4F2E-BB7A-D75018908EE0.heic: cannot identify image file '/Users/zachloo/Pictures/Photos Library.photoslibrary/originals/9/9C1C4079-3B21-4F2E-BB7A-D75018908EE0.heic'
2026-06-03 13:17:27,426 - Failed on /Users/zachloo/Pictures/Photos Library.photoslibrary/originals/B/B565E5D1-9F49-49EC-8E4A-3BD278BA7977.heic: cannot identify image file '/Users/zachloo/Pictures/Photos Library.photoslibrary/originals/B/B565E5D1-9F49-49EC-8E4A-3BD278BA7977.heic'
2026-06-03 13:17:31,899 - Failed on None: 'NoneType' object has no attribute 'read'
2026-06-03 13:17:31,899 - Failed on None: 'NoneType' object has no attribute 'read'
2026-06-03 13:17:31,899 - Failed on None: 'NoneType' object has no attribute 'read'
2026-06-03 13:17:37,694 - Failed on None: 'NoneType' object has no attribute 'read'
2026-06-03 13:17:51,045 - Failed on None: 'NoneType' object has no attribute 'read'
2026-06-03 13:17:55,542 - Failed on None: 'NoneType' object has no attribute 'read'
2026-06-03 13:17:59,217 - Failed on None: 'NoneType' object has no attribute 'read'
2026-06-03 13:17:59,217 - Failed on None: 'NoneType' object has no attribute 'read'
2026-06-03 13:17:59,217 - Failed on None: 'NoneType' object has no attribute 'read'
2026-06-03 13:17:59,975 - Failed on None: 'NoneType' object has no attribute 'read'
2026-06-03 13:18:12,600 - Progress: 6700 / 8084
2026-06-03 13:18:12,600 - Failed on None: 'NoneType' object has no attribute 'read'
2026-06-03 13:18:38,207 - Failed on None: 'NoneType' object has no attribute 'read'
2026-06-03 13:19:22,755 - Progress: 6800 / 8084
2026-06-03 13:19:25,683 - Failed on /Users/zachloo/Pictures/Photos Library.photoslibrary/originals/0/0E6118C7-5F2F-42FE-9AAD-625F419595F6.heic: cannot identify image file '/Users/zachloo/Pictures/Photos Library.photoslibrary/originals/0/0E6118C7-5F2F-42FE-9AAD-625F419595F6.heic'
2026-06-03 13:19:32,296 - Failed on None: 'NoneType' object has no attribute 'read'
2026-06-03 13:20:06,445 - Failed on /Users/zachloo/Pictures/Photos Library.photoslibrary/originals/E/E7AF0BB6-D5AC-46F7-9ADC-66422AF9E87E.heic: cannot identify image file '/Users/zachloo/Pictures/Photos Library.photoslibrary/originals/E/E7AF0BB6-D5AC-46F7-9ADC-66422AF9E87E.heic'
2026-06-03 13:20:06,445 - Failed on /Users/zachloo/Pictures/Photos Library.photoslibrary/originals/6/65AA04AB-E38C-4738-B02B-AB0F74573342.heic: cannot identify image file '/Users/zachloo/Pictures/Photos Library.photoslibrary/originals/6/65AA04AB-E38C-4738-B02B-AB0F74573342.heic'
2026-06-03 13:20:06,446 - Failed on /Users/zachloo/Pictures/Photos Library.photoslibrary/originals/8/8E6A2EDF-62EA-443E-BFF2-9789B8022E65.heic: cannot identify image file '/Users/zachloo/Pictures/Photos Library.photoslibrary/originals/8/8E6A2EDF-62EA-443E-BFF2-9789B8022E65.heic'
2026-06-03 13:20:06,446 - Failed on /Users/zachloo/Pictures/Photos Library.photoslibrary/originals/8/8D8F302A-56AB-406E-B1A8-FBEBADE1A260.heic: cannot identify image file '/Users/zachloo/Pictures/Photos Library.photoslibrary/originals/8/8D8F302A-56AB-406E-B1A8-FBEBADE1A260.heic'
2026-06-03 13:20:06,446 - Failed on /Users/zachloo/Pictures/Photos Library.photoslibrary/originals/5/503C67B7-3B40-42FE-B204-068B099D0973.heic: cannot identify image file '/Users/zachloo/Pictures/Photos Library.photoslibrary/originals/5/503C67B7-3B40-42FE-B204-068B099D0973.heic'
2026-06-03 13:20:09,358 - Failed on /Users/zachloo/Pictures/Photos Library.photoslibrary/originals/D/DB831EEA-F9F4-4EF7-B1B6-60E5D37DB5E2.heic: cannot identify image file '/Users/zachloo/Pictures/Photos Library.photoslibrary/originals/D/DB831EEA-F9F4-4EF7-B1B6-60E5D37DB5E2.heic'
2026-06-03 13:20:09,359 - Failed on /Users/zachloo/Pictures/Photos Library.photoslibrary/originals/4/48E33AC7-DFC0-4F3D-A6A6-5238F2DCCC66.heic: cannot identify image file '/Users/zachloo/Pictures/Photos Library.photoslibrary/originals/4/48E33AC7-DFC0-4F3D-A6A6-5238F2DCCC66.heic'
2026-06-03 13:20:09,359 - Failed on /Users/zachloo/Pictures/Photos Library.photoslibrary/originals/6/6096145D-8DA6-4895-BF91-EE225B9C2C8E.heic: cannot identify image file '/Users/zachloo/Pictures/Photos Library.photoslibrary/originals/6/6096145D-8DA6-4895-BF91-EE225B9C2C8E.heic'
2026-06-03 13:20:09,359 - Failed on /Users/zachloo/Pictures/Photos Library.photoslibrary/originals/D/D27ED3EB-727A-4C06-B6E7-D79C49BC9B9D.heic: cannot identify image file '/Users/zachloo/Pictures/Photos Library.photoslibrary/originals/D/D27ED3EB-727A-4C06-B6E7-D79C49BC9B9D.heic'
2026-06-03 13:20:09,360 - Failed on /Users/zachloo/Pictures/Photos Library.photoslibrary/originals/9/92EBA1B7-84AC-4B57-A4D6-ECC98214189F.heic: cannot identify image file '/Users/zachloo/Pictures/Photos Library.photoslibrary/originals/9/92EBA1B7-84AC-4B57-A4D6-ECC98214189F.heic'
2026-06-03 13:20:09,360 - Failed on /Users/zachloo/Pictures/Photos Library.photoslibrary/originals/A/AE4DA799-5AC3-4CB6-8F60-7D8DCF4E5133.heic: cannot identify image file '/Users/zachloo/Pictures/Photos Library.photoslibrary/originals/A/AE4DA799-5AC3-4CB6-8F60-7D8DCF4E5133.heic'
2026-06-03 13:20:09,361 - Failed on /Users/zachloo/Pictures/Photos Library.photoslibrary/originals/3/3D0A8A76-8BFD-4F13-9DA9-F22CB4A706EB.heic: cannot identify image file '/Users/zachloo/Pictures/Photos Library.photoslibrary/originals/3/3D0A8A76-8BFD-4F13-9DA9-F22CB4A706EB.heic'
2026-06-03 13:20:09,361 - Failed on /Users/zachloo/Pictures/Photos Library.photoslibrary/originals/A/AB24B7C2-49E0-4CBF-9692-3A8085D9AF06.heic: cannot identify image file '/Users/zachloo/Pictures/Photos Library.photoslibrary/originals/A/AB24B7C2-49E0-4CBF-9692-3A8085D9AF06.heic'
2026-06-03 13:20:09,362 - Failed on /Users/zachloo/Pictures/Photos Library.photoslibrary/originals/A/A1EDECCC-7D6B-447A-9B71-CE288C19F8CD.heic: cannot identify image file '/Users/zachloo/Pictures/Photos Library.photoslibrary/originals/A/A1EDECCC-7D6B-447A-9B71-CE288C19F8CD.heic'
2026-06-03 13:20:10,862 - Failed on None: 'NoneType' object has no attribute 'read'
2026-06-03 13:20:10,863 - Failed on /Users/zachloo/Pictures/Photos Library.photoslibrary/originals/A/A7C0B567-228F-4D31-891D-0B2F4FD51F76.heic: cannot identify image file '/Users/zachloo/Pictures/Photos Library.photoslibrary/originals/A/A7C0B567-228F-4D31-891D-0B2F4FD51F76.heic'
2026-06-03 13:20:15,971 - Failed on /Users/zachloo/Pictures/Photos Library.photoslibrary/originals/E/ECC991AE-A718-486C-B947-A66410D542C2.heic: cannot identify image file '/Users/zachloo/Pictures/Photos Library.photoslibrary/originals/E/ECC991AE-A718-486C-B947-A66410D542C2.heic'
2026-06-03 13:20:15,972 - Failed on /Users/zachloo/Pictures/Photos Library.photoslibrary/originals/B/B5B52C93-C933-476D-8E6F-849F816725DF.heic: cannot identify image file '/Users/zachloo/Pictures/Photos Library.photoslibrary/originals/B/B5B52C93-C933-476D-8E6F-849F816725DF.heic'
2026-06-03 13:20:15,972 - Failed on /Users/zachloo/Pictures/Photos Library.photoslibrary/originals/A/A42C4C46-9738-45A4-B137-8AF8E25B3E9F.heic: cannot identify image file '/Users/zachloo/Pictures/Photos Library.photoslibrary/originals/A/A42C4C46-9738-45A4-B137-8AF8E25B3E9F.heic'
2026-06-03 13:20:15,973 - Failed on /Users/zachloo/Pictures/Photos Library.photoslibrary/originals/5/5F0704A9-A0F5-4AA2-BD73-0C38053A197E.heic: cannot identify image file '/Users/zachloo/Pictures/Photos Library.photoslibrary/originals/5/5F0704A9-A0F5-4AA2-BD73-0C38053A197E.heic'
2026-06-03 13:20:15,973 - Failed on /Users/zachloo/Pictures/Photos Library.photoslibrary/originals/1/141E15C2-9AD2-4221-8D08-DD0597BACDC9.heic: cannot identify image file '/Users/zachloo/Pictures/Photos Library.photoslibrary/originals/1/141E15C2-9AD2-4221-8D08-DD0597BACDC9.heic'
2026-06-03 13:20:15,973 - Failed on /Users/zachloo/Pictures/Photos Library.photoslibrary/originals/A/ACE97BB3-3C7E-4CB7-869F-7B5E624F3DCC.heic: cannot identify image file '/Users/zachloo/Pictures/Photos Library.photoslibrary/originals/A/ACE97BB3-3C7E-4CB7-869F-7B5E624F3DCC.heic'
2026-06-03 13:20:15,974 - Failed on /Users/zachloo/Pictures/Photos Library.photoslibrary/originals/E/E9E60B58-C170-4DFB-90F6-9396DD7EEC7D.heic: cannot identify image file '/Users/zachloo/Pictures/Photos Library.photoslibrary/originals/E/E9E60B58-C170-4DFB-90F6-9396DD7EEC7D.heic'
2026-06-03 13:20:15,974 - Failed on /Users/zachloo/Pictures/Photos Library.photoslibrary/originals/0/0963ADD6-1C9D-49EF-B5E6-6FF4B047DD21.heic: cannot identify image file '/Users/zachloo/Pictures/Photos Library.photoslibrary/originals/0/0963ADD6-1C9D-49EF-B5E6-6FF4B047DD21.heic'
2026-06-03 13:20:15,975 - Failed on /Users/zachloo/Pictures/Photos Library.photoslibrary/originals/4/440F4FE3-4962-487F-8FE6-1103D43C79DF.heic: cannot identify image file '/Users/zachloo/Pictures/Photos Library.photoslibrary/originals/4/440F4FE3-4962-487F-8FE6-1103D43C79DF.heic'
2026-06-03 13:20:15,975 - Progress: 6900 / 8084
2026-06-03 13:20:15,975 - Failed on /Users/zachloo/Pictures/Photos Library.photoslibrary/originals/0/09115169-5126-4600-A617-DE184380A321.heic: cannot identify image file '/Users/zachloo/Pictures/Photos Library.photoslibrary/originals/0/09115169-5126-4600-A617-DE184380A321.heic'
2026-06-03 13:20:15,975 - Failed on /Users/zachloo/Pictures/Photos Library.photoslibrary/originals/1/1F4B6A12-049C-4E44-B9C4-7CD9EB35B85B.heic: cannot identify image file '/Users/zachloo/Pictures/Photos Library.photoslibrary/originals/1/1F4B6A12-049C-4E44-B9C4-7CD9EB35B85B.heic'
2026-06-03 13:20:15,975 - Failed on /Users/zachloo/Pictures/Photos Library.photoslibrary/originals/5/557986AD-131E-41CA-B533-C88A3DCB300C.heic: cannot identify image file '/Users/zachloo/Pictures/Photos Library.photoslibrary/originals/5/557986AD-131E-41CA-B533-C88A3DCB300C.heic'
2026-06-03 13:20:15,976 - Failed on /Users/zachloo/Pictures/Photos Library.photoslibrary/originals/7/7E92BB95-B6C5-4366-B13C-3732677496F8.heic: cannot identify image file '/Users/zachloo/Pictures/Photos Library.photoslibrary/originals/7/7E92BB95-B6C5-4366-B13C-3732677496F8.heic'
2026-06-03 13:20:15,976 - Failed on /Users/zachloo/Pictures/Photos Library.photoslibrary/originals/F/FAE6EA77-6FAF-4970-82EC-EF37F8DE2C95.heic: cannot identify image file '/Users/zachloo/Pictures/Photos Library.photoslibrary/originals/F/FAE6EA77-6FAF-4970-82EC-EF37F8DE2C95.heic'
2026-06-03 13:20:15,976 - Failed on /Users/zachloo/Pictures/Photos Library.photoslibrary/originals/A/A6874B86-555B-43B8-AAC9-BCCC7B41C2C1.heic: cannot identify image file '/Users/zachloo/Pictures/Photos Library.photoslibrary/originals/A/A6874B86-555B-43B8-AAC9-BCCC7B41C2C1.heic'
2026-06-03 13:20:15,976 - Failed on /Users/zachloo/Pictures/Photos Library.photoslibrary/originals/B/BC53C4FF-7F34-453D-AA46-E066E5F6405C.heic: cannot identify image file '/Users/zachloo/Pictures/Photos Library.photoslibrary/originals/B/BC53C4FF-7F34-453D-AA46-E066E5F6405C.heic'
2026-06-03 13:20:15,977 - Failed on /Users/zachloo/Pictures/Photos Library.photoslibrary/originals/4/43C56866-5CE4-4FC0-BBB4-2608156DECD8.heic: cannot identify image file '/Users/zachloo/Pictures/Photos Library.photoslibrary/originals/4/43C56866-5CE4-4FC0-BBB4-2608156DECD8.heic'
2026-06-03 13:20:23,113 - Failed on None: 'NoneType' object has no attribute 'read'
2026-06-03 13:20:32,590 - Failed on None: 'NoneType' object has no attribute 'read'
2026-06-03 13:20:34,620 - Failed on None: 'NoneType' object has no attribute 'read'
2026-06-03 13:20:53,206 - Failed on /Users/zachloo/Pictures/Photos Library.photoslibrary/originals/2/205C9F05-F0DA-4F47-89E4-B63AECEC3960.heic: cannot identify image file '/Users/zachloo/Pictures/Photos Library.photoslibrary/originals/2/205C9F05-F0DA-4F47-89E4-B63AECEC3960.heic'
2026-06-03 13:20:53,206 - Failed on /Users/zachloo/Pictures/Photos Library.photoslibrary/originals/B/B4C64205-9509-4A9B-B0E1-2B5F63966DE0.heic: cannot identify image file '/Users/zachloo/Pictures/Photos Library.photoslibrary/originals/B/B4C64205-9509-4A9B-B0E1-2B5F63966DE0.heic'
2026-06-03 13:21:07,727 - Failed on None: 'NoneType' object has no attribute 'read'
2026-06-03 13:21:14,673 - Progress: 7000 / 8084
2026-06-03 13:22:19,242 - Progress: 7100 / 8084
2026-06-03 13:22:51,104 - Failed on None: 'NoneType' object has no attribute 'read'
2026-06-03 13:22:51,106 - Failed on /Users/zachloo/Pictures/Photos Library.photoslibrary/originals/B/B21C4DF9-1181-43ED-B135-E88B3C613099.heic: cannot identify image file '/Users/zachloo/Pictures/Photos Library.photoslibrary/originals/B/B21C4DF9-1181-43ED-B135-E88B3C613099.heic'
2026-06-03 13:23:10,121 - Failed on None: 'NoneType' object has no attribute 'read'
2026-06-03 13:23:10,121 - Failed on None: 'NoneType' object has no attribute 'read'
2026-06-03 13:23:10,121 - Failed on None: 'NoneType' object has no attribute 'read'
2026-06-03 13:23:12,174 - Progress: 7200 / 8084
2026-06-03 13:23:13,563 - Failed on /Users/zachloo/Pictures/Photos Library.photoslibrary/originals/A/A900838B-D966-4791-B8F2-733FB457F934.heic: cannot identify image file '/Users/zachloo/Pictures/Photos Library.photoslibrary/originals/A/A900838B-D966-4791-B8F2-733FB457F934.heic'
2026-06-03 13:23:20,989 - Failed on None: 'NoneType' object has no attribute 'read'
2026-06-03 13:23:29,923 - Failed on None: 'NoneType' object has no attribute 'read'
2026-06-03 13:23:29,924 - Failed on None: 'NoneType' object has no attribute 'read'
2026-06-03 13:24:16,716 - Progress: 7300 / 8084
2026-06-03 13:25:25,956 - Progress: 7400 / 8084
2026-06-03 13:25:25,957 - Failed on /Users/zachloo/Pictures/Photos Library.photoslibrary/originals/C/C22FD196-CBD2-405E-85A8-0E97C1968554.heic: cannot identify image file '/Users/zachloo/Pictures/Photos Library.photoslibrary/originals/C/C22FD196-CBD2-405E-85A8-0E97C1968554.heic'
2026-06-03 13:26:32,761 - Progress: 7500 / 8084
2026-06-03 13:27:44,660 - Progress: 7600 / 8084
2026-06-03 13:28:57,580 - Progress: 7700 / 8084
2026-06-03 13:29:04,416 - Failed on /Users/zachloo/Pictures/Photos Library.photoslibrary/originals/8/80E9C4DF-F12D-4DEB-B3B0-5722B7AF1E95.heic: cannot identify image file '/Users/zachloo/Pictures/Photos Library.photoslibrary/originals/8/80E9C4DF-F12D-4DEB-B3B0-5722B7AF1E95.heic'
2026-06-03 13:29:09,418 - Failed on None: 'NoneType' object has no attribute 'read'
2026-06-03 13:29:11,369 - Failed on /Users/zachloo/Pictures/Photos Library.photoslibrary/originals/6/6CD928F1-E4E4-4504-89A8-300596F4A39F.heic: cannot identify image file '/Users/zachloo/Pictures/Photos Library.photoslibrary/originals/6/6CD928F1-E4E4-4504-89A8-300596F4A39F.heic'
2026-06-03 13:29:11,369 - Failed on None: 'NoneType' object has no attribute 'read'
2026-06-03 13:29:11,370 - Failed on /Users/zachloo/Pictures/Photos Library.photoslibrary/originals/7/7525AFEE-E3B2-405E-96CF-69E32BD88ECD.heic: cannot identify image file '/Users/zachloo/Pictures/Photos Library.photoslibrary/originals/7/7525AFEE-E3B2-405E-96CF-69E32BD88ECD.heic'
2026-06-03 13:29:11,370 - Failed on None: 'NoneType' object has no attribute 'read'
2026-06-03 13:29:11,370 - Failed on None: 'NoneType' object has no attribute 'read'
2026-06-03 13:29:11,370 - Failed on None: 'NoneType' object has no attribute 'read'
2026-06-03 13:29:11,370 - Failed on None: 'NoneType' object has no attribute 'read'
2026-06-03 13:29:11,370 - Failed on None: 'NoneType' object has no attribute 'read'
2026-06-03 13:29:11,370 - Failed on None: 'NoneType' object has no attribute 'read'
2026-06-03 13:29:11,370 - Failed on None: 'NoneType' object has no attribute 'read'
2026-06-03 13:29:11,370 - Failed on None: 'NoneType' object has no attribute 'read'
2026-06-03 13:29:11,370 - Failed on None: 'NoneType' object has no attribute 'read'
2026-06-03 13:29:20,199 - Failed on None: 'NoneType' object has no attribute 'read'
2026-06-03 13:29:20,200 - Failed on None: 'NoneType' object has no attribute 'read'
2026-06-03 13:29:20,200 - Failed on None: 'NoneType' object has no attribute 'read'
2026-06-03 13:29:20,200 - Failed on None: 'NoneType' object has no attribute 'read'
2026-06-03 13:29:20,200 - Failed on None: 'NoneType' object has no attribute 'read'
2026-06-03 13:29:20,200 - Failed on None: 'NoneType' object has no attribute 'read'
2026-06-03 13:29:21,616 - Failed on /Users/zachloo/Pictures/Photos Library.photoslibrary/originals/3/35E472F0-605F-417F-B7CE-D87091D3FCDB.heic: cannot identify image file '/Users/zachloo/Pictures/Photos Library.photoslibrary/originals/3/35E472F0-605F-417F-B7CE-D87091D3FCDB.heic'
2026-06-03 13:29:21,616 - Failed on /Users/zachloo/Pictures/Photos Library.photoslibrary/originals/0/0410BAEE-E4CC-45F0-AF34-8442718FF7A9.heic: cannot identify image file '/Users/zachloo/Pictures/Photos Library.photoslibrary/originals/0/0410BAEE-E4CC-45F0-AF34-8442718FF7A9.heic'
2026-06-03 13:29:21,617 - Failed on /Users/zachloo/Pictures/Photos Library.photoslibrary/originals/8/8D0555E7-761E-4520-84D0-7171D11FE87D.heic: cannot identify image file '/Users/zachloo/Pictures/Photos Library.photoslibrary/originals/8/8D0555E7-761E-4520-84D0-7171D11FE87D.heic'
2026-06-03 13:29:21,617 - Failed on /Users/zachloo/Pictures/Photos Library.photoslibrary/originals/B/B8E64644-602F-4C46-ACA8-BAF82289969C.heic: cannot identify image file '/Users/zachloo/Pictures/Photos Library.photoslibrary/originals/B/B8E64644-602F-4C46-ACA8-BAF82289969C.heic'
2026-06-03 13:29:21,617 - Failed on /Users/zachloo/Pictures/Photos Library.photoslibrary/originals/9/9558A9BD-515F-420B-A487-7CD2D590C4E2.heic: cannot identify image file '/Users/zachloo/Pictures/Photos Library.photoslibrary/originals/9/9558A9BD-515F-420B-A487-7CD2D590C4E2.heic'
2026-06-03 13:29:21,618 - Failed on /Users/zachloo/Pictures/Photos Library.photoslibrary/originals/9/9E9B1FBF-E263-46BD-9967-0C373CD2CA2B.heic: cannot identify image file '/Users/zachloo/Pictures/Photos Library.photoslibrary/originals/9/9E9B1FBF-E263-46BD-9967-0C373CD2CA2B.heic'
2026-06-03 13:29:21,618 - Failed on /Users/zachloo/Pictures/Photos Library.photoslibrary/originals/5/52356FD6-32AA-4380-9BDD-E15EE0397BD9.heic: cannot identify image file '/Users/zachloo/Pictures/Photos Library.photoslibrary/originals/5/52356FD6-32AA-4380-9BDD-E15EE0397BD9.heic'
2026-06-03 13:29:21,618 - Failed on /Users/zachloo/Pictures/Photos Library.photoslibrary/originals/C/C4F49734-D4B5-405B-A829-7D56EED62673.heic: cannot identify image file '/Users/zachloo/Pictures/Photos Library.photoslibrary/originals/C/C4F49734-D4B5-405B-A829-7D56EED62673.heic'
2026-06-03 13:29:23,011 - Failed on /Users/zachloo/Pictures/Photos Library.photoslibrary/originals/9/9A7678CD-523C-4B80-ADED-0A0BCF2846EB.heic: cannot identify image file '/Users/zachloo/Pictures/Photos Library.photoslibrary/originals/9/9A7678CD-523C-4B80-ADED-0A0BCF2846EB.heic'
2026-06-03 13:29:23,012 - Failed on /Users/zachloo/Pictures/Photos Library.photoslibrary/originals/8/8C7813F1-641A-4520-BB07-964DC7C7DCD9.heic: cannot identify image file '/Users/zachloo/Pictures/Photos Library.photoslibrary/originals/8/8C7813F1-641A-4520-BB07-964DC7C7DCD9.heic'
2026-06-03 13:29:23,012 - Failed on /Users/zachloo/Pictures/Photos Library.photoslibrary/originals/5/54195EDA-E1DA-49D9-82AB-1C09475AEA28.heic: cannot identify image file '/Users/zachloo/Pictures/Photos Library.photoslibrary/originals/5/54195EDA-E1DA-49D9-82AB-1C09475AEA28.heic'
2026-06-03 13:29:25,072 - Failed on /Users/zachloo/Pictures/Photos Library.photoslibrary/originals/1/13C3572A-F675-4EA0-87D8-A1F76A9268D6.heic: cannot identify image file '/Users/zachloo/Pictures/Photos Library.photoslibrary/originals/1/13C3572A-F675-4EA0-87D8-A1F76A9268D6.heic'
2026-06-03 13:29:25,072 - Failed on /Users/zachloo/Pictures/Photos Library.photoslibrary/originals/0/0B983EE3-5066-400F-B205-F8B6791E5254.heic: cannot identify image file '/Users/zachloo/Pictures/Photos Library.photoslibrary/originals/0/0B983EE3-5066-400F-B205-F8B6791E5254.heic'
2026-06-03 13:29:25,072 - Failed on /Users/zachloo/Pictures/Photos Library.photoslibrary/originals/D/D230014B-1F0D-4F9D-88D5-C131ED940777.heic: cannot identify image file '/Users/zachloo/Pictures/Photos Library.photoslibrary/originals/D/D230014B-1F0D-4F9D-88D5-C131ED940777.heic'
2026-06-03 13:29:40,761 - Failed on None: 'NoneType' object has no attribute 'read'
2026-06-03 13:29:40,762 - Progress: 7800 / 8084
2026-06-03 13:29:40,762 - Failed on None: 'NoneType' object has no attribute 'read'
2026-06-03 13:29:41,164 - Failed on /Users/zachloo/Pictures/Photos Library.photoslibrary/originals/8/8F950BC3-3D0E-492A-84B4-300A55A15650.heic: cannot identify image file '/Users/zachloo/Pictures/Photos Library.photoslibrary/originals/8/8F950BC3-3D0E-492A-84B4-300A55A15650.heic'
2026-06-03 13:29:47,899 - Failed on None: 'NoneType' object has no attribute 'read'
2026-06-03 13:29:47,899 - Failed on None: 'NoneType' object has no attribute 'read'
2026-06-03 13:29:47,899 - Failed on None: 'NoneType' object has no attribute 'read'
2026-06-03 13:29:47,899 - Failed on None: 'NoneType' object has no attribute 'read'
2026-06-03 13:29:48,612 - Failed on None: 'NoneType' object has no attribute 'read'
2026-06-03 13:29:51,521 - Failed on /Users/zachloo/Pictures/Photos Library.photoslibrary/originals/A/AC56B251-066E-402B-8C4D-83A0E5AEC379.heic: cannot identify image file '/Users/zachloo/Pictures/Photos Library.photoslibrary/originals/A/AC56B251-066E-402B-8C4D-83A0E5AEC379.heic'
2026-06-03 13:29:51,522 - Failed on /Users/zachloo/Pictures/Photos Library.photoslibrary/originals/C/C3A4014C-A07D-45EA-B284-CDE4CA8B7F4A.heic: cannot identify image file '/Users/zachloo/Pictures/Photos Library.photoslibrary/originals/C/C3A4014C-A07D-45EA-B284-CDE4CA8B7F4A.heic'
2026-06-03 13:29:51,522 - Failed on /Users/zachloo/Pictures/Photos Library.photoslibrary/originals/4/434FABDE-D85B-4B22-B74B-47CA6275B3F7.heic: cannot identify image file '/Users/zachloo/Pictures/Photos Library.photoslibrary/originals/4/434FABDE-D85B-4B22-B74B-47CA6275B3F7.heic'
2026-06-03 13:29:52,223 - Failed on None: 'NoneType' object has no attribute 'read'
2026-06-03 13:29:54,894 - Failed on None: 'NoneType' object has no attribute 'read'
2026-06-03 13:29:54,894 - Failed on None: 'NoneType' object has no attribute 'read'
2026-06-03 13:29:54,894 - Failed on None: 'NoneType' object has no attribute 'read'
2026-06-03 13:29:54,894 - Failed on None: 'NoneType' object has no attribute 'read'
2026-06-03 13:29:54,894 - Failed on None: 'NoneType' object has no attribute 'read'
2026-06-03 13:29:54,894 - Failed on None: 'NoneType' object has no attribute 'read'
2026-06-03 13:29:54,894 - Failed on None: 'NoneType' object has no attribute 'read'
2026-06-03 13:29:54,894 - Failed on None: 'NoneType' object has no attribute 'read'
2026-06-03 13:29:54,894 - Failed on None: 'NoneType' object has no attribute 'read'
2026-06-03 13:29:54,894 - Failed on None: 'NoneType' object has no attribute 'read'
2026-06-03 13:29:54,894 - Failed on None: 'NoneType' object has no attribute 'read'
2026-06-03 13:29:54,894 - Failed on None: 'NoneType' object has no attribute 'read'
2026-06-03 13:29:54,894 - Failed on None: 'NoneType' object has no attribute 'read'
2026-06-03 13:29:54,894 - Failed on None: 'NoneType' object has no attribute 'read'
2026-06-03 13:29:54,894 - Failed on None: 'NoneType' object has no attribute 'read'
2026-06-03 13:29:54,894 - Failed on None: 'NoneType' object has no attribute 'read'
2026-06-03 13:29:54,894 - Failed on None: 'NoneType' object has no attribute 'read'
2026-06-03 13:29:54,894 - Failed on None: 'NoneType' object has no attribute 'read'
2026-06-03 13:29:54,894 - Failed on None: 'NoneType' object has no attribute 'read'
2026-06-03 13:29:54,894 - Failed on None: 'NoneType' object has no attribute 'read'
2026-06-03 13:29:54,894 - Failed on None: 'NoneType' object has no attribute 'read'
2026-06-03 13:30:10,169 - Failed on /Users/zachloo/Pictures/Photos Library.photoslibrary/originals/9/985E3E5C-DB5F-43B4-8565-11A9D200E04D.heic: cannot identify image file '/Users/zachloo/Pictures/Photos Library.photoslibrary/originals/9/985E3E5C-DB5F-43B4-8565-11A9D200E04D.heic'
2026-06-03 13:30:10,170 - Failed on /Users/zachloo/Pictures/Photos Library.photoslibrary/originals/F/F7DCADCD-2C34-42E0-80D4-5A079D88A05A.heic: cannot identify image file '/Users/zachloo/Pictures/Photos Library.photoslibrary/originals/F/F7DCADCD-2C34-42E0-80D4-5A079D88A05A.heic'
2026-06-03 13:30:10,170 - Failed on /Users/zachloo/Pictures/Photos Library.photoslibrary/originals/E/E27B6413-AAAD-4B33-9D08-3703F4B04FDB.heic: cannot identify image file '/Users/zachloo/Pictures/Photos Library.photoslibrary/originals/E/E27B6413-AAAD-4B33-9D08-3703F4B04FDB.heic'
2026-06-03 13:30:10,171 - Failed on /Users/zachloo/Pictures/Photos Library.photoslibrary/originals/8/8A7597B1-76B4-46E2-8D4A-2863BAC6232A.heic: cannot identify image file '/Users/zachloo/Pictures/Photos Library.photoslibrary/originals/8/8A7597B1-76B4-46E2-8D4A-2863BAC6232A.heic'
2026-06-03 13:30:10,171 - Failed on /Users/zachloo/Pictures/Photos Library.photoslibrary/originals/F/F7E3D605-03AF-4ADC-8A47-00A2AB7805CC.heic: cannot identify image file '/Users/zachloo/Pictures/Photos Library.photoslibrary/originals/F/F7E3D605-03AF-4ADC-8A47-00A2AB7805CC.heic'
2026-06-03 13:30:10,171 - Failed on /Users/zachloo/Pictures/Photos Library.photoslibrary/originals/9/973F9730-BE42-4ED1-AA17-D06EF39B9E82.heic: cannot identify image file '/Users/zachloo/Pictures/Photos Library.photoslibrary/originals/9/973F9730-BE42-4ED1-AA17-D06EF39B9E82.heic'
2026-06-03 13:30:10,171 - Failed on /Users/zachloo/Pictures/Photos Library.photoslibrary/originals/5/50F79AE6-705C-4F0C-B9A0-B7B4997D42DF.heic: cannot identify image file '/Users/zachloo/Pictures/Photos Library.photoslibrary/originals/5/50F79AE6-705C-4F0C-B9A0-B7B4997D42DF.heic'
2026-06-03 13:30:10,172 - Failed on /Users/zachloo/Pictures/Photos Library.photoslibrary/originals/C/CD1CE0DE-2CBE-42EC-BD4A-1D960ADC5504.heic: cannot identify image file '/Users/zachloo/Pictures/Photos Library.photoslibrary/originals/C/CD1CE0DE-2CBE-42EC-BD4A-1D960ADC5504.heic'
2026-06-03 13:30:10,172 - Failed on /Users/zachloo/Pictures/Photos Library.photoslibrary/originals/4/45183A09-7327-442B-961B-A3DCF533777D.heic: cannot identify image file '/Users/zachloo/Pictures/Photos Library.photoslibrary/originals/4/45183A09-7327-442B-961B-A3DCF533777D.heic'
2026-06-03 13:30:10,172 - Failed on /Users/zachloo/Pictures/Photos Library.photoslibrary/originals/2/2763F36A-E7CC-4B20-8B6F-BD0B3684CE2E.heic: cannot identify image file '/Users/zachloo/Pictures/Photos Library.photoslibrary/originals/2/2763F36A-E7CC-4B20-8B6F-BD0B3684CE2E.heic'
2026-06-03 13:30:10,173 - Failed on /Users/zachloo/Pictures/Photos Library.photoslibrary/originals/8/8FA442F8-D3C9-46CB-9B64-F93885F75159.heic: cannot identify image file '/Users/zachloo/Pictures/Photos Library.photoslibrary/originals/8/8FA442F8-D3C9-46CB-9B64-F93885F75159.heic'
2026-06-03 13:30:10,173 - Failed on /Users/zachloo/Pictures/Photos Library.photoslibrary/originals/1/1D578FFA-C44D-48A8-B0AF-92BC0C091AC5.heic: cannot identify image file '/Users/zachloo/Pictures/Photos Library.photoslibrary/originals/1/1D578FFA-C44D-48A8-B0AF-92BC0C091AC5.heic'
2026-06-03 13:30:10,173 - Failed on /Users/zachloo/Pictures/Photos Library.photoslibrary/originals/7/7E823137-B6DA-4628-A953-6A52F01BCA75.heic: cannot identify image file '/Users/zachloo/Pictures/Photos Library.photoslibrary/originals/7/7E823137-B6DA-4628-A953-6A52F01BCA75.heic'
2026-06-03 13:30:10,174 - Failed on /Users/zachloo/Pictures/Photos Library.photoslibrary/originals/C/C3151F1F-C6B0-4114-9117-419B3C3B887C.heic: cannot identify image file '/Users/zachloo/Pictures/Photos Library.photoslibrary/originals/C/C3151F1F-C6B0-4114-9117-419B3C3B887C.heic'
2026-06-03 13:30:11,006 - Failed on None: 'NoneType' object has no attribute 'read'
2026-06-03 13:30:11,006 - Failed on None: 'NoneType' object has no attribute 'read'
2026-06-03 13:30:11,006 - Failed on None: 'NoneType' object has no attribute 'read'
2026-06-03 13:30:11,006 - Failed on None: 'NoneType' object has no attribute 'read'
2026-06-03 13:30:13,730 - Progress: 7900 / 8084
2026-06-03 13:31:21,482 - Progress: 8000 / 8084
2026-06-03 13:31:23,470 - Failed on None: 'NoneType' object has no attribute 'read'
2026-06-03 13:31:23,471 - Failed on /Users/zachloo/Pictures/Photos Library.photoslibrary/originals/4/4F8B94C6-9B42-423C-8634-C6B391E36FC8.heic: cannot identify image file '/Users/zachloo/Pictures/Photos Library.photoslibrary/originals/4/4F8B94C6-9B42-423C-8634-C6B391E36FC8.heic'
2026-06-03 13:31:23,471 - Failed on /Users/zachloo/Pictures/Photos Library.photoslibrary/originals/2/28196FFE-1CC1-4D20-9517-796824FA730A.heic: cannot identify image file '/Users/zachloo/Pictures/Photos Library.photoslibrary/originals/2/28196FFE-1CC1-4D20-9517-796824FA730A.heic'
2026-06-03 13:31:23,472 - Failed on /Users/zachloo/Pictures/Photos Library.photoslibrary/originals/F/F719DF0B-8EF1-41A5-AB80-68D01E163709.heic: cannot identify image file '/Users/zachloo/Pictures/Photos Library.photoslibrary/originals/F/F719DF0B-8EF1-41A5-AB80-68D01E163709.heic'
2026-06-03 13:31:23,472 - Failed on /Users/zachloo/Pictures/Photos Library.photoslibrary/originals/E/E67AB06F-4610-4998-991F-92EE1D627895.heic: cannot identify image file '/Users/zachloo/Pictures/Photos Library.photoslibrary/originals/E/E67AB06F-4610-4998-991F-92EE1D627895.heic'
2026-06-03 13:31:23,472 - Failed on /Users/zachloo/Pictures/Photos Library.photoslibrary/originals/2/28A4ED5E-E3C7-4F83-A728-F6D6085393F4.heic: cannot identify image file '/Users/zachloo/Pictures/Photos Library.photoslibrary/originals/2/28A4ED5E-E3C7-4F83-A728-F6D6085393F4.heic'
2026-06-03 13:31:23,473 - Failed on /Users/zachloo/Pictures/Photos Library.photoslibrary/originals/C/C6FB1099-702A-4E3A-9829-CAABF5FE3A6A.heic: cannot identify image file '/Users/zachloo/Pictures/Photos Library.photoslibrary/originals/C/C6FB1099-702A-4E3A-9829-CAABF5FE3A6A.heic'
2026-06-03 13:31:23,473 - Failed on /Users/zachloo/Pictures/Photos Library.photoslibrary/originals/0/0B8C35BA-0780-41BE-9B21-4A6CE285D754.heic: cannot identify image file '/Users/zachloo/Pictures/Photos Library.photoslibrary/originals/0/0B8C35BA-0780-41BE-9B21-4A6CE285D754.heic'
2026-06-03 13:31:54,936 - Failed on None: 'NoneType' object has no attribute 'read'
2026-06-03 13:32:01,124 - Failed on /Users/zachloo/Pictures/Photos Library.photoslibrary/originals/7/75B54F67-3D45-4E73-B479-F49B823D0484.heic: cannot identify image file '/Users/zachloo/Pictures/Photos Library.photoslibrary/originals/7/75B54F67-3D45-4E73-B479-F49B823D0484.heic'
2026-06-03 13:32:06,583 - Done. Errors: 2583
